correlation group ID,row ID,row identity (all IDs),row m/z,row retention time,Pool_4um_A,Pool_10um_A,Pool_10um_B,Pool_8um_A,Pool_10um_C
1,1,,97.96878837,0.9568833,213.29057,166.74203,186.9503,227.22026,149.90636
,2,,186.9563168,0.95883673,430.29282,317.47522,142.23526,176.71536,208.79842
,4,,113.9637476,0.96329325,184.63141,22.20229,120.03661,147.45996,90.605804
1,5,,141.9586997,0.9756033,816.8172,584.3345,566.43335,793.215,568.1852
4,6,,112.0063612,1.0383466,52.463802,57.4627,59.069427,53.625244,63.220463
4,9,,82.5372411,1.03834,89.88637,76.056786,74.46961,82.549286,77.88287
4,10,,84.95982887,1.03834,129.92505,209.07231,192.22108,139.74254,200.84084
4,11,,110.0087928,1.03834,422.32892,471.2855,497.0525,408.20706,491.68805
4,12,,125.9864018,1.03834,121.23966,181.43967,188.6373,118.92572,196.10054
4,13,,128.0194323,1.03834,81.915504,80.651245,67.56343,77.92822,88.75962
4,14,,61.00748792,1.03834,94.72452,136.8134,122.56317,110.352684,125.69366
4,15,,111.0100633,1.0404034,50.712772,60.241142,65.42706,48.80716,70.9377
4,16,,70.01268665,1.0404867,58.5588,95.284454,89.51785,73.776085,80.75316
80,21,,378.9001676,1.0930333,107.398575,91.10484,100.89583,92.92354,85.75313
80,22,,242.9256176,1.0930333,582.6068,509.0534,541.5582,574.3462,551.1768
80,23,,446.8876187,1.0930333,119.96569,99.4312,104.1333,117.93559,100.40263
80,25,,106.9506853,1.0951667,80.68436,78.98069,97.396904,104.05287,85.00791
80,26,,174.9381732,1.09732,93.62845,85.604004,83.22441,106.36768,88.48609
80,27,,258.899561,1.0994033,309.77332,248.76927,251.3356,312.58853,263.8943
80,28,,122.9246126,1.1015,142.35587,128.5858,124.01947,131.65948,131.3747
,29,,216.9228169,1.1098766,87.07927,95.39266,93.97906,94.00093,101.967064
,30,,232.8967222,1.1098866,150.35712,160.4897,168.61005,170.9712,158.4885
,31,,248.8706961,1.1119634,145.48976,144.08136,154.95828,164.30629,158.79628
34,34,,96.92178034,1.1244833,106.40282,94.47583,99.635735,83.440796,104.7891
34,35,,112.8957841,1.1244833,342.42752,311.09042,367.0355,372.8885,355.82092
34,36,,114.8931151,1.1244833,147.61974,151.36443,166.99033,165.36531,164.02646
34,37,,196.8779394,1.1244833,100.3195,92.28279,107.685265,100.3526,91.05987
34,38,,164.9300698,1.1287401,198.44092,180.15535,196.46957,205.59029,206.42723
34,39,,180.9040191,1.13077,224.75323,207.67374,230.85342,224.9549,217.03406
,41,,142.9481073,1.14343,93.3631,93.418526,105.59534,106.85853,104.17856
,42,,192.024427,1.1602132,97.688545,78.694496,95.955864,97.17041,108.59602
22,45,,98.98424652,1.1687701,1131.7386,936.8772,963.9811,1085.7263,984.8561
22,46,,170.0424921,1.1708767,165.5588,157.60114,157.80594,164.78868,177.89261
22,47,,216.0633495,1.1771834,95.80857,86.20379,90.312386,94.075615,86.32774
,49,,247.0579676,1.1793368,71.62429,69.88528,67.47511,67.08979,79.225296
32,50,,104.0707466,1.1877934,169.18951,143.02884,147.87573,153.11856,150.3648
32,51,,130.0500084,1.1877934,522.2079,477.74173,478.05014,488.231,519.86597
32,52,,148.0606226,1.1877934,1688.1633,1535.3844,1584.9827,1604.0739,1697.1582
32,53,,84.04451878,1.1899,94.989944,86.7339,83.68196,107.748116,92.23171
32,54,,102.0549856,1.1899867,137.86324,139.52565,132.07913,126.23704,137.0646
32,56,,391.1824719,1.1941934,66.28336,71.47843,64.239,70.78632,70.05896
32,59,,176.1032286,1.2005067,105.0403,70.82853,88.97707,86.33508,80.7508
,60,,196.0951929,1.2005,56.379955,46.583267,44.38935,42.723923,57.756992
45,62,,427.0950296,1.2343366,47.008053,57.322075,52.24413,59.381565,46.73313
45,63,,161.0923454,1.2343366,85.94487,66.90755,64.62967,69.204544,67.31053
45,65,,214.0515298,1.2427301,74.9881,64.40993,61.79845,66.62829,64.70248
55,66,,608.0887441,1.249,112.14804,98.014465,111.37775,100.21238,103.99676
55,67,,116.0708214,1.2510967,466.25073,410.36392,426.60956,439.9792,410.21136
60,68,,134.0272104,1.2701032,123.54519,106.311676,105.08383,109.26795,106.77697
60,69,,403.1934457,1.2722499,84.77428,84.24856,75.11842,94.33887,74.420395
68,70,,324.0593756,1.2806067,367.13293,357.12653,362.99686,362.83066,371.87784
68,71,,112.050721,1.2827067,131.17006,120.046364,120.17609,144.17274,113.84413
72,73,,241.082018,1.2890067,84.92424,71.78958,76.3029,75.02043,70.93218
72,74,,277.1032855,1.2911134,1409.9265,1311.1835,1289.2722,1322.3326,1305.1288
72,75,,259.0926987,1.2932334,994.51373,910.5277,905.8672,929.7079,916.8241
,77,,301.1143297,1.3247534,206.96286,187.77278,179.72427,184.43918,192.05919
,78,,325.0430849,1.3436767,156.95029,159.17076,155.77359,161.97664,149.56116
,79,,231.6134583,1.3586633,67.90901,77.22547,67.989494,64.21457,62.981495
,80,,242.5620859,1.3670067,107.02155,94.755806,97.862045,100.860634,104.13106
87,81,,72.08090471,1.3880234,217.58455,221.50024,215.33017,209.9638,225.36101
87,82,,191.0485645,1.3880234,174.41135,196.98859,190.70497,199.34724,195.3263
,83,,484.116361,1.3901067,86.04329,84.69598,93.44395,99.75318,93.82061
87,84,,130.0499303,1.3962834,69.52903,62.939125,71.54409,67.33407,64.780556
87,85,,118.0863459,1.3963567,624.64197,626.5764,593.5372,626.84155,590.5005
87,86,,162.0762921,1.3984867,297.48904,315.7539,287.84006,302.56024,279.86227
8,90,,112.0506433,1.41725,152.79297,149.93947,136.56833,131.61784,137.26077
8,91,,307.0835397,1.41725,598.38104,630.2741,600.0945,595.9284,631.4111
8,92,,316.1616897,1.41725,255.68828,250.66385,254.3834,235.56126,260.50507
8,93,,136.061955,1.4192867,208.06302,202.22206,185.5307,189.5947,168.49747
8,94,,124.0394146,1.4193133,128.64545,114.28868,109.78086,122.68059,122.660126
8,95,,308.0909612,1.4193133,1009.9516,942.9728,1040.2649,1048.8348,905.40063
8,96,,348.0705901,1.4193133,3821.2007,3917.652,3862.939,3904.8762,3831.955
8,97,,388.1352044,1.4193133,76.8951,76.22775,77.14692,80.52561,72.079926
8,98,Trans-Ferulic Acid: [2M+NH4]+: 0.041,406.1458052,1.4193133,988.2672,1009.3534,1000.5363,1019.6543,1042.1619
8,99,,535.1884108,1.4193133,343.2997,336.56665,334.17108,371.8354,331.0693
8,100,,613.1590918,1.4193133,95.92702,109.75051,109.848976,104.82222,116.75226
8,101,,664.1165389,1.4193133,473.55203,504.08014,551.3253,545.117,505.54865
8,102,,350.0752003,1.4193634,54.97515,55.66003,58.42688,68.24892,58.48946
8,103,2-Methoxybenzoic Acid: [M+H-H2O]+: 0.954,135.0442386,1.4234633,281.57874,557.9301,1519.9575,606.13715,503.8733
8,104,L-(+)-Alpha-Phenylglycine: [M+H]+: 0.951;L-(+)-Alpha-Phenylglycine: [2M+2H]+2: 0.951,152.0708023,1.42135,227.75179,546.8215,523.44464,497.57327,534.72754
8,105,,157.0353596,1.42135,321.8546,755.94714,750.03375,730.56085,766.59106
8,106,,332.075664,1.42135,97.58819,89.111824,92.9068,94.91041,100.421776
8,107,,695.133241,1.42135,51.579086,55.4056,55.250305,55.51988,59.395805
8,108,,81.01715175,1.4214267,201.8548,494.5864,482.72354,461.72012,493.75952
8,109,,107.0491546,1.4214267,29.924324,86.12792,75.891884,88.76547,96.559975
8,110,,332.5621224,1.4214267,482.67947,391.978,392.15884,426.0188,390.45178
8,111,,542.0682641,1.4214066,80.74692,70.63799,67.56525,86.04053,56.40834
8,113,,79.02134139,1.4234633,4907.327,11668.521,11675.25,11124.744,11582.979
8,114,L-(+)-Alpha-Phenylglycine: [M-H]-: 0.382,150.0585242,1.4234633,170.28384,158.52478,157.7446,163.50821,181.12009
8,117,,144.9880123,1.4215933,148.47816,372.51837,373.85733,336.18417,324.71057
8,118,,256.9599477,1.4234667,83.338936,88.61189,187.82936,201.3137,191.90831
8,119,,101.0032627,1.4256933,1904.7183,3672.7136,3880.3032,3248.4824,3899.338
8,120,,123.0554564,1.4256933,403.28595,249.76689,229.78835,310.82205,255.49088
8,121,,364.0653508,1.4256933,180.8013,168.84671,164.11731,170.61125,167.41656
8,122,,139.0132329,1.4255767,22.15275,80.58273,67.494415,69.152916,82.70659
8,123,,137.0018087,1.4278066,106.66036,318.47504,323.75183,299.19174,354.22284
8,124,,153.0102037,1.4319999,79.4472,167.66887,153.5731,172.68613,182.34322
8,125,,146.0070785,1.4341433,84.40848,233.22975,226.5594,256.65335,242.81032
,127,,137.0460875,1.4530133,157.50613,152.12888,126.36644,151.74405,133.52046
,128,,308.0910404,1.5419333,136.58165,143.35469,908.0293,150.10266,130.38185
73,129,,406.145511,1.58207,129.95393,162.47118,155.35577,168.06863,138.44373
73,130,L-(+)-Alpha-Phenylglycine: [M+H]+: 0.972;L-(+)-Alpha-Phenylglycine: [2M+2H]+2: 0.972,152.0707158,1.55885,237.0834,208.41306,208.90363,192.89703,231.04527
,131,,372.5449719,1.7044367,68.94959,345.56512,334.78302,364.65463,337.8892
11,132,,428.0366362,1.8582766,335.67496,458.9251,462.8282,487.58844,445.01602
11,133,,332.562026,1.8664967,670.6374,874.32886,897.3884,853.3081,871.26263
11,134,,542.0684251,1.8664967,160.02087,153.16246,151.22641,158.62848,131.72516
11,135,,137.0458452,1.8643467,162.51653,210.108,232.09528,192.62584,159.39569
11,136,,123.0552979,1.8686367,806.99207,737.18884,792.8605,835.7446,764.2202
11,137,,664.1164278,1.87484,782.10394,958.972,956.7625,908.7894,914.27734
,140,,535.1883373,1.94867,239.3406,226.27242,237.23024,248.88414,239.26009
,141,,307.0835159,2.0642898,433.49423,499.53317,472.00266,434.6871,482.65012
50,142,,86.09659994,2.0665803,792.23505,755.0105,796.09454,775.82947,759.1684
,143,,153.0408215,2.0833268,272.10898,361.2294,213.66132,212.17523,349.45874
50,144,,132.1020631,2.0872068,1459.2482,1541.7887,1573.1038,1560.2565,1516.5427
64,145,p-Coumaric Acid: [M+H-H2O]+: 0.996,147.0440401,2.0980334,27.30404,170.29161,160.66449,94.709595,69.89723
64,146,,136.0758449,2.1043034,1021.4988,1049.9102,1070.0138,1098.9404,1034.2103
64,147,p-Coumaric Acid: [M+NH4]+: 0.951,182.0813648,2.1043034,4441.9116,4380.953,4399.254,4451.4263,4247.2837
64,148,,123.0441609,2.1063836,413.99332,385.55228,400.48096,432.87274,379.75616
64,149,,119.0491862,2.10639,146.16905,209.73961,213.64001,224.80112,197.88838
64,150,p-Coumaric Acid: [M+H]+: 0.953;p-Coumaric Acid: [2M+2H]+2: 0.953,165.0548084,2.10639,1302.2385,1222.4675,1240.4044,1281.8721,1209.3544
,151,,288.0648296,2.7032833,112.58336,262.93893,246.7576,145.8031,245.98091
95,153,,120.0808989,3.6806598,2776.9001,2784.7922,2693.4792,2851.1042,2707.9702
95,154,,103.0543236,3.68471,253.776,200.67224,209.71628,235.0872,209.86656
95,155,,166.0864598,3.686893,3504.438,3728.2566,3669.0098,3653.6775,3665.3967
,156,,276.1077699,4.0454936,166.87358,174.88303,41.09709,121.00157,129.47293
,157,,311.1238285,5.2861,117.75788,119.37228,115.90602,107.29261,109.257225
94,158,,479.1871429,5.336287,262.18802,413.63364,414.9821,402.57462,396.31018
94,159,,501.169067,5.3363967,62.957,96.66672,85.44122,93.09748,90.14671
16,162,,597.678011,5.4860334,570.4177,593.7588,555.4304,563.7606,564.01746
16,163,,608.6682374,5.4942765,147.01158,155.73079,149.22133,149.37389,140.80467
33,164,,195.1228358,5.6068964,155.0149,101.954895,103.87033,87.39787,97.327675
33,165,,217.1048644,5.611107,468.56125,303.4843,287.3163,269.6508,284.0401
,166,,525.1826971,5.7095437,443.01627,459.04828,457.4213,437.3299,448.6699
,167,,367.6409614,5.89797,145.21777,77.52248,69.67301,128.85973,68.04077
47,168,,667.2570848,5.9923267,183.02238,199.3598,186.60327,186.81862,193.03262
47,169,,334.1323852,5.9943933,218.64284,241.65565,244.10205,232.27246,242.06378
57,170,,188.0707556,6.0672164,312.70862,320.89075,312.22794,287.59518,323.50635
57,171,,205.0972924,6.067203,176.9966,148.60463,148.2797,161.82036,159.56934
74,173,,261.1309372,6.32225,279.07812,111.24934,123.54643,156.68988,116.22736
74,174,,239.1491647,6.3242564,160.63225,65.1044,61.571404,86.00048,70.23538
74,175,,298.0968528,6.330573,130.4565,134.74065,135.05534,121.435005,137.56279
,176,,223.0537334,6.379023,93.53555,82.16364,103.298294,98.119705,93.02937
,178,,211.0868859,6.4337897,436.73264,1311.2567,1313.7534,1285.479,1267.9526
,179,,553.1771475,6.4443603,34.787643,132.13857,128.57262,119.675575,131.92825
,180,,295.1287674,6.6716995,98.54541,105.5664,96.25457,99.56158,93.97501
,181,,283.1750666,6.8136864,85.7399,49.29588,55.72233,68.678185,54.082203
,182,,305.1568952,6.8178596,111.61953,87.513054,91.26606,127.809204,86.38622
46,183,Kinetin: [M+H]+: 0.953;Kinetin: [2M+2H]+2: 0.953,216.0881743,6.980404,2115.4912,5048.825,4942.377,5015.2417,5181.6426
46,184,,148.0619506,6.986666,26.567488,97.717995,88.69016,102.92604,92.93354
,185,Phlorizin: [M-2H+Na]-: 0.972,457.1117267,7.1735435,195.47905,314.96188,313.10068,294.10187,296.09552
,187,,195.0878877,7.2776594,1913.2701,2186.4023,2137.3142,2123.3884,2255.4524
,188,Trimetoprim: [M+H]+: 0.979;Trimetoprim: [2M+2H]+2: 0.979,291.145252,7.4496675,3421.183,18096.148,17976.143,18150.088,18607.162
,189,,786.1646299,7.692366,241.47472,171.24474,313.5959,54.481136,15.910082
2,194,,385.0593636,8.167447,116.37723,135.87387,145.20496,103.96061,149.62253
2,195,,348.0755,8.167483,374.89493,640.29297,622.23773,362.76764,682.4449
2,196,,517.1077502,8.167517,756.6238,1136.7354,1132.0924,664.6227,1200.9436
2,198,,531.0963084,8.16536,334.49414,498.9175,480.55228,291.9655,523.62256
2,199,,679.1660609,8.169594,106.79897,202.84344,199.24135,131.93256,216.20514
2,200,,537.1135238,8.167494,69.74036,126.092964,119.11902,81.61862,126.57712
2,201,,546.0610127,8.167467,245.80788,328.3871,339.2572,210.90782,341.08826
2,202,,91.05435061,8.169583,73.85281,123.47258,113.708755,153.75783,131.17558
2,203,p-Coumaric Acid: [M+Na]+: 0.944,187.0367855,8.173777,1016.80133,2133.32,2182.6562,1505.0181,2235.5295
2,204,,430.0993949,8.171683,91.3809,160.83508,155.43736,108.134995,168.48907
2,205,,547.0674088,8.171683,207.36179,379.6245,383.78885,238.9907,388.33575
2,206,,549.1068316,8.167503,129.7414,159.49976,158.81,110.71235,188.16422
2,207,,515.1187291,8.173714,112.18941,174.8991,161.81331,93.82993,168.15822
2,208,,443.1057496,8.173743,1070.717,1141.9785,1153.5184,791.3672,1136.5908
2,209,p-Coumaric Acid: [M+H]+: 0.947;p-Coumaric Acid: [2M+2H]+2: 0.947,165.0548337,8.175857,4508.5825,8496.93,8505.824,8385.368,8554.395
2,210,,681.156363,8.175883,147.46147,230.35823,235.74854,155.2978,245.79558
2,211,,695.1436069,8.173777,268.7621,444.65884,442.1349,294.3748,527.239
2,212,,119.0492555,8.175857,767.2115,1274.6149,1212.2318,1326.7476,1242.1526
2,213,p-Coumaric Acid: [M+H-H2O]+: 0.956,147.0442301,8.175857,5991.4004,10712.693,10690.078,10888.846,10885.155
2,214,,367.0489147,8.177947,241.39395,328.4375,329.0019,194.16199,366.0626
2,215,,445.1028427,8.17583,100.89581,99.58842,98.46544,67.83338,103.87909
2,216,,383.0211193,8.17789,119.441185,163.03307,168.04361,147.61977,156.26688
,218,,245.5916867,8.293383,75.891396,72.9646,75.368286,72.73887,81.505554
70,219,,495.0961048,8.425146,278.96854,304.677,292.94986,312.41574,342.01175
70,220,2-Methoxybenzoic Acid: [M+H-H2O]+: 0.871,135.044571,8.425314,34594.477,45980.242,45968.3,45260.66,43737.223
70,221,,172.028394,8.431463,130.32704,193.10483,185.55363,176.49817,209.26706
70,223,,181.0336838,8.4315,82.83025,67.373726,116.30687,111.34444,124.65111
70,224,,361.0597264,8.437843,76.65011,27.734934,79.68218,113.94876,98.02376
70,225,3-Indoleacetonitrile: [M-2H+Na]-: 0.638,177.0419664,8.433566,60.293995,141.64534,141.22682,124.895134,147.29503
70,226,,79.0213349,8.439771,38.581535,162.67348,178.51723,148.76822,188.89185
70,228,2-Methoxybenzoic Acid: [M+Na]+: 0.923,175.0368684,8.437734,11601.964,16831.168,16946.969,15785.601,17349.543
70,229,,240.0633584,8.437739,176.5488,437.0052,410.57074,362.36005,429.60214
70,230,,105.0337058,8.44398,50.144703,78.41639,71.32291,75.236145,74.9127
70,231,,511.0667346,8.439774,158.0184,282.61377,283.46973,283.938,288.41196
70,232,2-Methoxybenzoic Acid: [M+H]+: 0.921;2-Methoxybenzoic Acid: [2M+2H]+2: 0.921,153.0549349,8.439814,13071.239,26202.37,25782.89,24646.506,26722.357
70,233,,256.0383556,8.439814,101.734726,196.95781,217.78654,180.55049,219.5772
70,234,,343.0490681,8.439814,257.24863,429.54263,395.67404,416.9328,421.23386
70,235,,316.0868545,8.439827,107.48006,251.85866,234.08759,211.83797,244.76428
70,236,,120.0207783,8.439863,99.366684,186.70074,179.39725,203.69804,166.10161
70,238,,241.0625528,8.443871,41.782574,86.0851,90.9738,76.410934,95.89701
70,239,,317.0849562,8.443884,33.612217,88.13263,85.3474,78.972664,87.941154
70,240,,135.1666536,8.439821,19.716352,155.16112,153.26447,184.51715,148.31938
70,241,,135.4541058,8.4419,34.866535,162.64293,145.68234,153.91815,150.07097
70,242,,135.5893753,8.439821,16.62378,91.748436,88.64506,94.88313,90.33161
70,243,,153.2224549,8.439821,14.589218,122.03357,106.0914,103.30717,113.47961
70,244,,153.3459663,8.441366,0,74.95146,66.52264,64.67895,71.71479
70,245,,153.3609757,8.4419,15.168409,108.93,96.6219,98.12898,107.04129
70,246,,153.3538802,8.449041,0,80.450676,81.02392,4.8719754,77.95071
70,247,,105.044893,8.441867,147.9306,234.81865,219.84265,256.1097,226.09154
70,248,,77.03881247,8.4419,423.22406,684.79443,691.49097,781.8574,698.9944
70,249,,135.0249641,8.4419,65.98761,144.75525,143.51073,149.4604,146.12088
70,250,,135.1111803,8.4419,129.72777,362.0366,317.94516,386.8884,360.70667
70,251,,135.1579328,8.4419,82.99052,251.81033,227.97423,269.091,244.01733
70,252,,135.201706,8.4419,302.82455,609.41486,573.9803,608.83466,609.3716
70,253,,135.3171241,8.4419,271.1724,513.3986,498.33282,505.35028,516.1474
70,254,,135.3322155,8.4419,320.02664,577.1547,565.4603,595.3093,599.439
70,255,,248.0521278,8.4419,1090.6411,2202.7974,2117.0815,1936.4786,2340.2502
70,256,2-Methoxybenzoic Acid: [2M+H]+: 0.915,305.1023056,8.4419,294.7264,919.46014,908.2427,828.0799,922.1025
70,257,,324.0757102,8.4419,1072.2349,2318.0896,2219.691,2013.0328,2461.2974
70,258,2-Methoxybenzoic Acid: [2M+Na]+: 0.976;p-Coumaric Acid: [2M-H]-: 0.147,327.0840005,8.441904,1168.3126,1977.8129,1997.2815,1861.6172,2062.3162
70,259,,137.0496923,8.437734,305.64572,514.0505,504.03555,529.54297,535.3119
70,260,,92.02581772,8.44393,192.21121,287.18698,278.56143,334.27133,276.03015
70,261,Phlorizin: [M-H+2Na]+: 0.873,481.1075998,8.443941,1033.1991,1872.9766,1822.6213,1776.0358,1989.4142
70,262,,359.0214676,8.443997,332.35904,587.9653,614.12524,595.8346,614.6363
70,263,,479.1185528,8.444,82.03593,142.28224,131.2954,121.28891,136.40858
70,264,,257.0573316,8.4440365,303.4994,460.46042,447.4664,480.56976,498.34094
70,265,,371.0478549,8.4441395,81.25548,91.58232,90.93187,96.60813,91.288246
70,266,,510.0608938,8.44603,277.87427,473.78766,463.4462,468.08817,455.98477
70,267,2-Methoxybenzoic Acid: [M+K]+: 0.816,191.0097661,8.446213,99.405045,167.14598,169.00818,155.69484,176.95853
70,270,2-Methoxybenzoic Acid: [M-H+2Na]+: 0.935,197.0187631,8.462744,304.019,333.2604,314.03467,355.1998,332.76248
,272,,401.0812463,8.512503,91.64149,216.96336,230.28618,195.08698,202.97426
28,273,Quercetin: [M+H]+: 0.953;Quercetin: [2M+2H]+2: 0.953,303.0501148,8.531343,108.391945,236.35275,238.20216,255.61853,239.74991
28,274,Rutin: [M+H]+: 0.953;Rutin: [2M+2H]+2: 0.953,611.1608894,8.531343,931.6121,2034.9615,2010.023,1933.3207,1983.3467
28,275,,465.1027858,8.531253,37.606846,95.11813,93.595116,95.59186,91.91627
28,276,Rutin: [2M+Na]+: 0.995,1243.296038,8.531253,17.815357,125.79948,121.27542,117.843575,122.4423
28,277,,630.1343288,8.531343,47.122467,187.68445,197.02061,165.13467,208.69029
28,278,Rutin: [M+Na]+: 0.943,633.1428923,8.545931,459.00165,1014.2378,989.4165,974.5135,1009.55365
,279,,422.0868282,8.55628,91.96131,213.32726,193.82379,212.16785,248.3751
13,280,,607.1396877,8.593599,886.5504,1265.3188,1253.3267,1245.2207,1339.2809
13,283,,117.0337634,8.59571,147.47925,305.28613,278.8331,315.74762,273.5353
13,284,,145.0288,8.59571,335.27545,681.3139,651.4145,638.0162,618.24005
13,285,,149.0600676,8.59571,430.66962,800.22095,765.9939,831.29126,729.9423
13,286,Trans-Ferulic Acid: [M+H-H2O]+: 0.916,177.0549546,8.59571,13820.459,28101.047,26884.64,26536.908,26631.041
13,287,Trans-Ferulic Acid: [M+H]+: 0.904;Trans-Ferulic Acid: [2M+2H]+2: 0.904,195.0655701,8.59571,7464.965,15716.036,15070.943,14391.794,14869.662
13,288,Trans-Ferulic Acid: [M+Na]+: 0.901,217.0475219,8.59571,3025.8794,6918.253,6600.356,6226.104,6313.2207
13,289,,637.099741,8.595696,283.89334,463.7196,461.19678,420.32153,439.82397
13,290,,627.1452594,8.595743,104.97727,179.35744,182.16093,180.5013,186.83638
13,291,,89.03882225,8.597796,82.47803,172.6529,155.81892,173.4176,151.01949
13,292,Trans-Ferulic Acid: [2M+Na]+: 0.984,411.1049725,8.597796,178.92397,324.09433,317.7904,318.41602,306.46774
13,293,,815.1864459,8.597773,504.861,755.8615,750.2642,707.21594,772.7667
13,294,,443.0420011,8.597897,117.069984,144.62038,148.74681,143.75743,146.29797
13,295,,134.0365362,8.599844,74.529625,139.12523,138.52547,149.54088,132.98032
13,296,,801.1990623,8.599916,375.02872,603.1827,606.9857,575.7353,648.2276
13,297,,194.0575502,8.599844,65.700455,119.333855,102.5264,102.67327,102.93467
13,298,,605.1505318,8.5977335,79.98902,173.10051,176.41689,153.16832,165.73871
13,299,,639.1383345,8.60194,130.9565,140.15074,138.07138,157.38794,140.27443
13,300,,799.2087501,8.60194,233.72713,386.91626,378.38577,347.8646,396.00854
13,301,,427.0702726,8.601988,130.76215,156.24113,150.01978,160.71759,174.05614
13,302,,830.1512199,8.604024,93.22759,132.68706,140.88051,127.42857,128.75528
13,304,,408.0968957,8.608137,508.9127,665.7642,675.5098,632.4724,713.57104
13,305,,621.1281239,8.608127,321.2528,409.26807,405.24307,395.59872,433.12222
13,306,,409.0978278,8.610157,71.14207,98.74084,100.65948,95.99414,100.797806
13,307,,505.1259761,8.612427,427.40082,639.77545,646.5221,575.17645,639.53894
13,308,,636.0930605,8.61436,218.57054,294.85986,310.23706,303.51846,289.685
,309,Trans-Ferulic Acid: [M+NH4]+: 0.407,212.08936,8.65386,3.7688751,37.478886,44.490738,33.972042,37.830055
,311,,294.2275768,8.851187,122.757996,343.34064,335.77963,320.93173,322.18616
,313,,163.1330453,8.873883,166.53978,257.958,218.40956,177.80815,262.52902
,314,,185.1150348,8.884191,2338.2683,3764.1606,3859.791,2438.278,3766.3965
104,315,Indole-3-carboxaldehyde: [M+H]+: 0.884;Indole-3-carboxaldehyde: [2M+2H]+2: 0.884,146.0605032,8.928407,38463.29,50430.684,49930.855,48621.582,51682.973
,318,,382.6127327,8.94301,22.84362,59.44596,45.359085,49.782513,59.69336
104,319,,246.5653922,8.940897,263.33783,475.31116,463.41223,448.945,476.5263
104,320,,303.0948664,8.940889,41.54904,151.48122,137.00331,128.3307,152.33359
104,321,,146.6269567,8.943037,31.581022,92.06374,89.57048,128.36577,89.80208
104,322,,91.05437176,8.94298,276.82928,421.99133,403.0524,477.1311,409.08667
104,323,,117.0575177,8.94298,1025.185,1543.5929,1537.3438,1696.6901,1533.0233
104,324,,146.1785643,8.94298,108.43381,289.47446,285.22983,294.8497,283.78696
104,325,,245.5463762,8.94298,229.9142,540.1526,522.62,466.1649,492.04916
104,326,,302.0977034,8.94298,124.60513,328.01993,310.9592,236.10155,315.6531
104,327,,310.0864693,8.94298,551.88745,1269.8816,1210.7605,1033.984,1313.9886
104,328,Indole-3-carboxaldehyde: [M+Na]+: 0.930,168.0422631,8.94304,1974.0228,3591.3142,3484.054,3243.0107,3424.9824
104,329,,240.5693344,8.942924,70.40354,143.33548,138.59615,143.27367,150.60287
104,330,,146.0388615,8.94512,88.615814,177.95865,157.62335,124.072296,171.40808
104,331,,146.4864606,8.945127,56.590847,158.42984,161.0709,188.75876,162.05447
104,332,,318.0725359,8.945127,42.01112,107.647835,113.09021,83.77667,104.83654
104,333,,229.5714799,8.941007,13.744418,60.621346,74.65329,54.836605,77.02624
104,334,,165.0337307,8.9450865,75.674286,136.6932,128.74918,134.04176,145.44278
104,335,,146.1872229,8.94512,66.502014,216.64015,213.12663,202.367,213.16151
104,336,,146.359676,8.94512,382.37823,689.32684,680.12335,645.13666,681.7976
104,337,,239.5711095,8.94512,179.67406,423.97723,407.9199,371.6304,429.89926
104,338,,237.5602299,8.945127,246.06195,554.35114,541.4482,467.87164,577.9318
104,339,Indole-3-acetyl-L-valine: [M+K]+: 0.988;Indole-3-carboxaldehyde: [2M+Na]+: 0.949,313.0949497,8.94512,159.85208,293.6975,269.83743,279.7215,291.2913
104,340,,253.5684185,8.947233,206.89673,441.4714,434.53696,396.73834,465.0082
104,341,,118.0652899,8.947267,10878.209,17564.863,16993.104,17895.852,17143.7
104,342,,146.1297288,8.947267,148.72737,450.31018,444.30948,418.24734,447.12964
104,343,,146.2240564,8.947267,385.02832,709.6265,703.06836,661.9993,707.6215
104,344,,146.3440881,8.947267,329.00604,596.11456,571.10645,567.9,573.91644
,346,,243.0878812,9.244987,61.51319,48.405937,56.668686,54.615555,62.063812
53,348,Phlorizin: [M+Na]+: 0.981,459.1262408,9.309327,2934.2417,3851.4485,3739.3535,2937.5015,3777.7607
62,349,,149.059918,9.309401,325.89438,594.9636,614.6941,613.6624,619.30536
62,350,,317.1020293,9.309401,126.12135,231.73064,239.3022,241.47523,231.12
62,351,,761.2497769,9.309461,43.8133,79.7531,74.88085,74.61568,81.02391
62,352,,107.049257,9.311443,1738.5266,2751.15,2800.3286,3147.1497,2840.2495
62,353,Phlorizin: [M+H-H2O]+: 0.993,419.1336299,9.31153,197.83578,347.6005,351.60474,355.94998,349.77374
62,354,Phlorizin: [2M+H]+: 0.963,873.2814305,9.31153,377.2136,695.59814,702.45044,699.3516,682.0774
62,355,,1309.419129,9.313574,34.511154,82.889786,91.25063,88.6602,90.47447
62,356,,1035.33392,9.31364,46.590042,103.36643,115.718414,108.04353,102.675415
62,357,Phlorizin: [M+H]+: 0.968;Phlorizin: [2M+2H]+2: 0.968,437.1443514,9.315683,2015.139,3656.0437,3733.9421,3565.0684,3695.0103
62,358,,599.1971631,9.315683,1024.5978,2035.0875,2038.3036,1919.4362,1989.1299
62,359,Naproxen: [M+FA]-: 0.774,275.0915915,9.31579,18312.121,31156.873,32048.793,32079.531,32380.223
62,360,,127.0391324,9.317757,50.12571,101.0298,112.19501,114.95359,94.382576
62,361,,711.2277341,9.319843,37.84626,86.092514,77.52063,84.51833,78.37303
62,362,,169.0497473,9.317873,1102.6193,1771.2108,1862.3784,1925.4718,1861.8162
53,364,Phlorizin: [2M+Na]+: 0.904,895.2624276,9.336886,436.48828,527.1648,534.01276,542.6555,537.5268
53,366,,238.0494396,9.376696,453.31113,653.14954,692.49005,486.38754,741.2088
,369,,1110.824662,9.385023,92.72959,129.75427,113.222595,139.1955,143.33362
,372,,1333.377757,9.38915,98.47579,85.14679,119.665985,159.64017,133.1176
12,373,,229.1412163,9.395403,1997.9976,3212.0925,3223.1829,2180.4326,3219.053
30,374,,674.1862516,9.399626,351.22794,415.13498,352.62518,210.5121,432.4137
30,375,,897.2404774,9.370216,171.80528,156.42737,103.9501,162.45248,135.42839
30,376,,927.1998304,9.395447,175.65465,184.1746,113.78571,130.03665,177.19914
12,377,,207.1592879,9.399592,438.05502,636.73737,639.3177,450.33075,666.764
12,379,,151.0966969,9.401677,38.023083,76.36008,63.076416,52.544735,69.393036
,380,,456.1177514,9.372751,435.89685,201.60884,590.22565,509.96472,609.7123
,381,,218.2115753,9.5023365,82.43239,111.86373,115.91947,72.20009,104.62473
,382,,273.0759327,9.561057,34.063126,106.67497,112.19449,109.803856,118.92372
,383,,234.2065649,9.789404,617.1854,519.4701,493.28732,392.0098,497.34607
,384,,251.1855545,9.791487,17.936207,73.35256,53.306557,30.59574,72.04038
,385,,171.1493629,9.81495,210.18866,287.44427,284.37128,176.77945,277.18503
,386,,160.0757992,10.208409,35.226856,101.73783,112.96951,104.72917,112.29052
82,390,,587.2219213,10.3503895,415.51263,448.0994,456.76697,488.327,444.08487
83,391,,1136.484405,10.354643,414.34583,472.6705,475.6481,471.79544,472.03525
82,392,,1121.493541,10.361036,500.6147,576.0432,583.5851,607.3172,606.05273
82,393,,862.3524503,10.36314,491.83405,572.75946,566.72894,565.0559,592.7923
82,394,,573.2288097,10.365203,398.24225,429.89612,420.47922,487.4478,436.94498
82,395,,574.2601823,10.38416,116.81129,138.36404,146.6626,145.00317,112.88852
82,396,,877.3211116,10.371531,511.40845,578.9185,562.1376,593.2882,557.97125
82,397,,847.3617834,10.373607,527.28766,611.40015,565.79144,606.272,626.5877
82,398,,177.5601421,10.375687,164.41885,183.83846,197.8467,163.81749,182.62967
82,399,,157.0471309,10.37579,184.76834,223.94904,227.12944,198.56201,236.78252
82,400,,274.1310629,10.377867,349.0511,373.8228,386.32126,410.26312,392.24503
83,403,Biochanin A: [M+NH4]+: 0.142,302.0988636,10.382207,102.44705,125.12311,120.12549,127.16181,121.88688
83,404,,294.1126528,10.384153,502.72632,583.2784,590.42004,612.1805,602.71893
83,405,,861.3494039,10.384127,970.1693,1132.0217,1124.2781,1142.6041,1176.1641
83,408,,1151.452154,10.3863535,138.66711,156.82881,142.5775,151.44777,149.91348
83,409,,431.1782602,10.38831,213.68565,265.51144,249.2401,259.73636,248.28986
82,410,,275.7240961,10.388277,51.157925,217.22015,207.50781,224.47208,216.71855
82,411,,549.8490088,10.390407,23.13559,152.69131,169.36882,184.92375,165.14012
82,412,Indole-3-acetyl-L-valine: [2M+Na]+: 0.949,571.2524689,10.39054,13607.597,16795.201,17021.383,16764.965,16499.441
82,413,Naproxen: [M+FA]-: 0.591,275.0941313,10.394623,95.696846,181.52852,201.5782,223.49625,196.26941
82,414,,275.2340019,10.392481,42.332733,229.47249,242.28459,246.65292,222.05547
82,415,,275.9173405,10.39035,18.063356,110.67928,117.4859,121.29651,121.70021
82,416,,549.5888616,10.392481,53.203182,225.07498,223.3912,214.03893,216.94351
82,417,,549.8212487,10.39035,19.773151,124.23696,140.7787,124.77048,132.28442
82,418,,77.03875984,10.392547,66.718346,98.85173,97.55667,136.61568,110.459335
82,420,,275.3125739,10.390452,79.09232,99.039185,242.96765,52.662483,206.39404
82,421,,229.1336867,10.392481,6110.629,10269.183,10204.318,10243.277,10326.8545
82,422,,275.301714,10.392481,126.33422,344.13986,319.8372,391.98477,349.4517
83,423,Indole-3-acetyl-L-valine: [2M+H]+: 0.932,549.2704606,10.392481,15787.979,31074.477,31528.434,30563.48,31199.084
83,424,,158.0602527,10.39677,65.30673,90.564316,97.69816,110.739296,88.34998
83,425,,72.08097865,10.39458,233.0183,385.29968,385.67908,395.43283,372.98062
83,426,Indole-3-acetyl-L-valine: [M+H-H2O]+: 0.956,257.1286313,10.394577,2407.5723,3934.8398,3926.2114,3999.6118,3962.0159
82,427,,275.3640356,10.394613,512.93097,1031.8396,1033.2145,1060.3274,1036.6267
82,428,,278.1473031,10.39465,107.66774,196.55238,199.16493,216.58575,190.04951
82,429,,291.1337715,10.394663,127.90413,200.60535,210.47563,210.62917,219.11812
83,430,,603.1889524,10.39466,185.11415,190.36543,190.31776,204.63237,183.42006
82,431,Indole-3-acetyl-L-valine: [M+H]+: 0.916;Indole-3-acetyl-L-valine: [2M+2H]+2: 0.916,275.1393532,10.394814,62866.03,83622.47,83980.2,84713.75,83945.51
82,432,,821.3858568,10.396736,44.83422,107.930756,101.0924,129.94005,102.285706
82,433,,103.0543788,10.3967,208.47282,321.8478,308.8381,376.74014,305.4669
82,434,,275.5287123,10.39671,409.22293,851.7835,866.08636,856.1437,864.2411
82,435,,275.5496179,10.39671,489.04373,951.8439,950.0124,974.3758,952.1204
82,436,Indole-3-acetyl-L-valine: [2M-H]-: 0.646,547.2546595,10.396736,210.77118,359.9931,362.8034,411.42368,367.01343
82,437,,307.12882,10.396773,192.94844,235.29315,228.25339,243.92662,230.75922
82,438,,118.0864572,10.398813,717.42584,1105.4949,1147.094,1148.036,1154.8389
82,439,Indole-3-acetyl-L-valine: [M-H]-: 0.725,273.1233681,10.398809,115.041466,128.6915,129.76949,163.24905,137.78905
82,440,,130.0653066,10.398832,11588.334,18131.314,17818.133,20029.441,17935.271
82,441,,876.3152942,10.394834,180.46663,181.06714,167.3431,190.95119,63.8108
83,443,,1135.481506,10.40539,585.553,690.566,698.358,726.36755,734.31854
83,444,,345.1025698,10.41391,137.8033,92.77934,152.28616,148.67966,152.6557
83,445,Indole-3-acetyl-L-valine: [M+Na]+: 0.956,297.1211374,10.407487,15001.732,17855.78,17743.506,19145.986,17813.908
,446,Indole-3-carboxaldehyde: [M+H]+: 0.948;Indole-3-carboxaldehyde: [2M+2H]+2: 0.948,146.0602464,10.148237,444.37042,384.53415,470.57806,200.80124,427.566
83,447,,1119.504257,10.386263,109.176094,135.16516,49.48911,135.04665,140.8009
83,448,Indole-3-carboxaldehyde: [2M+Na]+: 0.943;Indole-3-acetyl-L-valine: [M+K]+: 0.904,313.0945171,10.409627,499.84445,641.7763,650.3719,655.9407,638.4833
83,449,,845.3779845,10.409667,406.64523,466.32654,471.5804,482.3971,456.97375
,450,Indole-3-acetyl-L-valine: [2M-H+2Na]+: 0.902,593.2341782,10.411743,217.86787,183.83469,182.06056,241.0606,115.94929
,454,,867.3661192,10.460263,342.5934,173.86278,176.37663,295.78012,266.87204
,456,Indole-3-acetyl-L-valine: [M-H+2Na]+: 0.989,319.1029464,10.445463,113.15258,82.747894,83.6821,113.9986,35.883484
,457,Quercetin: [M+H]+: 0.921;Quercetin: [2M+2H]+2: 0.921,303.0502429,10.50212,519.08777,1294.6324,1387.4087,1330.9827,1229.2881
79,458,,130.0652935,10.592534,1022.3547,1955.1425,1745.4668,1943.4778,1920.8395
79,459,,156.0683289,10.592577,88.30881,115.88562,111.500465,128.0008,117.539276
78,460,3-Indoleacetonitrile: [M+H]+: 0.955;3-Indoleacetonitrile: [2M+2H]+2: 0.955,157.0762037,10.592609,303.11932,725.2306,636.94147,658.0465,716.82214
78,461,,254.0839895,10.590417,10.464043,48.220055,47.224613,47.916267,50.899426
78,462,,117.057401,10.592501,44.22928,106.40451,96.63832,108.85657,99.15895
78,463,3-Indoleacetonitrile: [M+Na]+: 0.937,179.0582171,10.594643,196.28444,401.52765,342.83038,377.18115,392.04086
78,464,,332.1186851,10.596733,17.47237,78.45845,76.79341,62.548737,83.117325
79,465,,340.1048941,10.598897,18.66904,63.27518,71.1707,55.041588,63.88832
,466,,224.0821003,10.6704035,80.44469,89.744095,74.51099,93.033,79.802155
,467,,299.1103817,10.796546,44.19813,70.10587,69.10667,47.15669,72.85895
,468,,197.0711744,11.028843,228.75058,210.27576,227.06244,219.80388,201.25009
,469,,297.1354385,11.02885,55.748653,55.735817,56.41186,44.452312,58.091995
,470,,216.138383,11.087847,150.91577,137.10426,137.90033,137.9082,141.58458
,471,,213.1462936,11.104844,77.1684,74.01055,72.28882,79.9169,70.49155
26,472,,289.154702,11.170613,194.39165,518.02026,503.0086,441.1758,521.46765
26,473,,311.1365723,11.172697,100.47668,266.8749,247.18256,234.80365,240.72855
,474,,186.1310547,11.241806,1125.7363,902.11194,886.1997,1073.9146,907.3314
7,475,Nortriptylin: [M+H]+: 0.847;Nortriptylin: [2M+2H]+2: 0.847,264.1752893,11.317327,72629.51,107687.89,106044.06,106066.4,104468.89
7,476,,231.1169761,11.321644,54.600006,105.06441,98.87175,115.37259,101.47298
7,478,,265.1039195,11.32794,43.37898,142.45642,162.93987,230.77348,172.08304
7,479,,141.0701571,11.325904,18.044933,112.535736,111.989525,136.772,93.358826
7,480,,117.0701097,11.3257265,476.34363,866.3431,876.236,988.14777,877.28174
7,481,,129.0700571,11.3258095,149.0315,276.94376,248.15337,295.26816,244.67792
7,482,,192.0909336,11.325807,305.94434,569.0987,554.103,666.5467,548.4977
7,483,,179.0854684,11.327833,504.831,920.02405,925.75903,1063.5903,940.3056
7,484,,202.0779228,11.327833,69.95553,130.18346,135.66151,178.33423,136.09225
7,485,,264.7480452,11.327833,111.44849,518.72864,491.95468,513.4031,506.56274
7,486,,264.9374556,11.327833,49.023113,368.2965,355.24524,354.94446,362.57574
7,487,,193.1009247,11.327873,188.08315,354.8011,341.45065,400.5411,362.13138
7,488,,207.1169677,11.329967,162.88985,306.7812,303.44116,344.50385,282.82263
7,489,,264.3341926,11.329967,203.43637,689.9532,703.54877,763.25964,698.94244
7,490,,264.3450973,11.329967,144.57513,407.6765,493.17166,553.48987,503.81396
7,491,,218.1091998,11.329973,486.00388,885.29376,873.6647,1068.1073,870.5324
7,492,,233.1327683,11.329973,9007.073,17719.969,17604.285,18866.102,17290.955
7,493,,264.395389,11.329973,743.88257,1749.9553,1735.3317,1739.2516,1719.4381
7,494,,264.5567068,11.329973,590.62524,1417.4661,1364.2313,1393.9424,1383.565
7,495,,264.5774982,11.329973,727.13007,1624.7966,1601.9503,1615.7903,1583.1648
7,496,,205.1012271,11.33008,459.1719,839.9127,838.77155,995.3376,840.3122
7,497,,203.085568,11.3301,205.65793,356.2923,337.56503,446.82855,341.214
7,498,,155.0858445,11.3321,253.577,461.05103,458.20227,518.8614,433.9964
7,499,,191.0858021,11.332106,1385.1434,2458.8293,2445.8657,2788.6982,2373.884
7,500,,264.1326843,11.332106,130.2262,334.05017,342.11234,343.3167,331.82947
7,501,,264.2677564,11.332106,113.54335,723.72943,733.21545,729.20605,723.4794
7,502,,115.054387,11.332263,159.28485,279.13208,273.10315,330.74585,258.36624
7,503,,178.0779561,11.334239,370.198,713.7397,694.6707,844.2777,698.25476
7,504,,189.0700547,11.334256,60.299988,110.05385,92.097046,131.37616,101.77489
7,505,,128.0622316,11.334267,73.991844,116.429886,111.37894,133.17554,106.37758
7,506,,204.093168,11.334363,212.13889,392.42926,386.81018,501.69974,384.8927
,507,,165.0700884,11.332128,18.471165,37.032845,70.29972,88.1548,42.639297
7,509,,91.05436379,11.33636,97.157974,172.27982,188.54987,204.54173,170.62904
7,510,,105.0700569,11.338519,304.92426,528.88257,512.66455,591.1355,524.8566
,511,,232.133155,11.359653,138.22177,121.4682,110.437195,113.45225,117.91916
52,512,,207.0554503,11.49144,105.980835,99.299225,101.31134,102.98592,94.73793
52,513,,247.047982,11.491449,242.25528,245.53496,238.48077,252.23915,236.25665
52,514,,225.066033,11.491496,599.2583,625.6768,608.43884,627.1742,568.5725
,515,,262.2380592,11.568716,143.69043,310.44977,296.73825,150.22105,290.57397
,516,,221.0809259,11.6103945,56.083115,164.06967,159.31532,156.7947,181.32236
,517,,313.1984563,11.676832,9.093517,124.00658,120.29308,48.986782,121.14063
3,518,,226.1803023,11.680969,230.45195,264.08847,257.65204,224.76727,251.53511
3,519,,244.1908866,11.680969,82.143936,105.75441,92.25528,87.54582,93.104195
3,520,,266.1729925,11.680969,103.13372,117.74579,133.01118,123.22538,124.45025
,521,2-Methoxybenzoic Acid: [2M-2H+Na]-: 0.518,325.0674251,11.71635,1159.4362,841.239,900.4379,1180.4263,793.83325
43,522,,289.1547357,11.762253,101.584946,302.18726,308.24612,267.2013,306.55704
43,523,,327.1104032,11.766324,20.365067,81.59387,86.773705,53.4197,75.20167
43,524,,311.1366381,11.76429,203.86179,531.7358,537.9407,505.54767,542.805
,525,,360.1494527,11.869197,5.7952614,59.023346,56.580307,58.804375,54.64958
,526,,181.0761598,11.886087,441.45377,429.111,423.53394,414.65646,413.0325
,527,,223.0638012,12.208163,132.44307,98.135826,92.03422,70.405716,87.895325
,529,,415.1837962,12.27851,67.19763,98.58671,93.51055,85.140915,98.950165
86,530,,913.3457691,12.284697,54.806946,54.652767,61.249992,52.870823,58.09433
86,532,,321.1016054,12.2867565,407.32068,378.80417,390.71133,377.15237,393.6383
86,533,,446.185711,12.2867565,1551.8337,1598.8575,1589.7108,1570.67,1588.6711
86,535,,448.1856963,12.2888,84.78427,89.75038,74.40859,81.15637,85.71332
86,536,,347.0807285,12.288839,74.03131,89.439705,86.36374,92.75113,82.57283
86,537,,251.5753754,12.28889,84.63331,77.89959,74.23124,83.60887,80.70879
86,538,,468.167542,12.28889,797.8308,842.91296,836.84375,828.96295,834.94727
,539,,302.1749811,12.32438,452.43826,511.31897,530.4422,445.44968,493.7934
,540,2-Methoxybenzoic Acid: [2M-2H+Na]-: 0.473,325.0672453,12.35588,72.47293,150.51602,161.0557,58.62694,154.70862
,541,,271.1882688,12.36849,58.161736,155.29553,171.29852,70.14812,165.16116
,543,,281.1724479,12.378874,14.9741955,53.234356,60.663006,25.492956,59.250282
,545,Indole-3-acetyl-L-valine: [2M-2H+Na]-: 0.666,569.2366289,12.488404,17.093544,131.58757,135.33801,128.16913,127.29917
5,546,Indole-3-acetyl-L-valine: [2M-H]-: 0.699,547.2548908,12.48833,143.66124,478.53656,457.4421,427.72934,467.28824
5,547,,757.2357322,12.4926605,180.0625,214.47371,224.59052,234.03407,211.359
5,548,,744.2028364,12.494644,140.87973,195.2841,183.3988,188.5805,192.91116
5,550,,745.2088767,12.500933,386.74255,618.95734,628.7736,593.8447,616.0711
5,551,,965.3479306,12.50093,70.03823,112.30951,114.196785,119.16155,110.4624
5,552,,141.0699791,12.498846,18.604952,93.55937,80.31457,122.98186,89.66664
5,553,,713.259548,12.50301,184.03264,260.89264,252.28444,259.58194,251.5811
5,554,,154.0773358,12.505167,36.523705,88.29888,99.35525,119.07983,102.35617
5,556,,527.1417198,12.505037,451.195,515.769,498.35162,540.7351,485.18903
5,557,,365.1223141,12.50512,157.09264,228.30606,229.1066,227.41956,234.3611
5,558,,729.2373329,12.505116,1100.5259,1549.509,1493.6057,1508.303,1601.3285
5,559,,515.1152122,12.505183,568.6681,730.78186,717.15063,750.6494,695.07947
5,560,,945.3443467,12.50519,742.38617,1230.333,1167.593,1146.77,1215.8217
5,561,,1241.382841,12.507254,51.09631,96.243034,81.52143,99.237236,77.30155
5,562,,152.0621672,12.5072565,44.967194,80.99684,69.44319,67.15477,71.28665
5,563,,169.0647145,12.50728,61.080627,101.80715,93.793945,119.36587,97.641716
5,564,Naproxen: [M+H]+: 0.964;Naproxen: [2M+2H]+2: 0.964,231.1017151,12.50722,11206.799,23896.414,23162.803,21797.21,23551.957
5,565,Naproxen: [M+Na]+: 0.969,253.0836383,12.50722,9039.86,19905.533,19476.418,18079.486,19511.957
5,566,,230.0938835,12.507237,120.4384,148.78285,151.12976,156.13022,150.54686
5,567,Naproxen: [2M+Na]+: 0.960,483.1776485,12.50722,913.61664,2110.1086,2106.4622,1980.541,2140.1091
5,568,,959.3317917,12.50724,772.0384,1232.2318,1202.7646,1134.8185,1225.0961
5,569,Naproxen: [2M-H+2Na]+: 0.978,505.1598363,12.507293,743.7271,918.6605,910.77277,955.4227,889.7463
5,571,,170.0726144,12.509354,222.25883,403.9665,387.02786,433.15973,380.72623
5,572,,185.0962198,12.509354,8349.717,16444.107,15829.736,15416.355,16170.471
5,573,Naproxen: [M+K]+: 0.974,269.0573485,12.509374,115.04766,253.16043,253.58273,215.10493,266.05408
5,574,,115.0542552,12.50942,51.51352,104.493484,86.21307,110.02271,86.24862
5,575,,499.1428032,12.509394,264.55685,311.91965,307.09317,336.3287,315.3239
5,576,,715.249585,12.509439,296.69113,364.6896,375.17645,386.57947,380.7334
5,577,,779.2178729,12.509474,261.83752,276.98517,274.09088,295.88995,265.25235
5,578,,250.0752385,12.511464,581.8943,743.3496,734.0171,723.0994,744.0827
5,579,,158.0727265,12.511514,172.59962,293.37454,278.6789,307.74512,277.85828
5,580,,943.3542066,12.51147,283.26404,450.42398,458.016,416.60852,450.0751
,582,,342.091598,12.501003,120.754265,158.8192,168.85727,150.46901,159.98268
5,583,,153.0697819,12.513611,88.06299,160.83536,142.73389,171.64906,147.35513
5,584,,735.2542517,12.513591,178.58214,230.6258,217.17026,238.76613,221.17265
5,585,,974.2958736,12.513603,121.19845,157.20428,162.80879,168.23322,171.01596
5,586,Naproxen: [M+NH4]+: 0.987,248.1281708,12.513583,64.26487,90.26956,87.93551,94.762505,89.30625
5,587,,480.1694274,12.515654,77.9468,139.07251,132.0233,123.55655,129.89278
5,589,Naproxen: [M-H+2Na]+: 0.961,275.0656089,12.519823,2188.011,2535.2078,2559.4963,2670.1816,2531.2307
,590,,344.1856063,12.52413,476.14655,547.45917,511.5362,534.5615,539.73254
5,591,,291.0394266,12.528473,166.74895,190.16997,185.16588,196.13419,119.79313
5,592,,155.5413628,12.524197,122.09452,165.41014,165.04857,139.84555,177.55368
,593,,164.5466023,12.53684,133.63022,159.31708,84.45473,143.2141,150.1962
39,595,,303.1704797,12.547303,136.49222,424.78897,434.14056,397.50394,434.70074
39,596,,325.1524716,12.55158,427.9608,1130.5837,1122.0286,1119.8165,1134.2655
,597,,328.1908291,12.572566,56.513233,46.14187,56.904945,45.96545,52.426853
81,598,,228.1960272,12.63352,329.57318,609.54285,603.03845,559.0896,580.01666
81,599,,250.1779052,12.644103,423.3054,695.3291,734.9755,690.0853,706.604
,600,,561.2700353,12.677806,23.782852,66.43541,67.92506,61.658703,78.081635
,601,,258.1489959,12.73488,2147.3533,2366.2266,2340.8171,2627.2786,2360.5403
,602,,404.1970897,12.812961,9.569431,72.744995,70.82575,77.47363,82.94617
,604,,245.0785106,12.897397,184.79091,257.36514,248.66267,210.99281,259.6337
,605,,274.2740853,12.949972,51.943893,186.90717,182.86278,54.375866,192.42734
,607,,328.1909494,13.013189,4204.205,4148.628,4208.604,3689.897,4174.964
23,608,,304.1908413,13.082654,441.33865,421.615,426.35254,311.9252,427.37888
23,609,,242.154186,13.084753,2576.586,2387.3381,2458.7556,1761.9987,2409.7913
,610,,290.2689299,13.103334,60.4933,275.7116,270.07733,35.00415,270.07468
,611,,244.1697608,13.147214,19416.82,18932.398,18502.133,18458.11,18664.773
,613,,312.1961547,13.193454,762.9093,850.9549,812.542,570.9726,818.706
31,614,,260.5636512,13.233627,570.1914,426.77377,438.49603,239.16396,421.81714
31,615,,260.1223055,13.231427,104.7546,44.245644,77.15824,40.8481,67.43096
31,616,,159.0680734,13.233493,304.4234,217.1449,223.25488,304.92392,229.57214
31,617,,260.1647461,13.233531,62450.605,59930.375,60596.996,62439.523,59098.21
31,618,,172.0757829,13.233563,150.11078,75.821465,80.79355,154.14424,81.2937
31,619,,260.3230524,13.233563,144.4729,94.70882,101.38086,130.22154,95.85796
31,620,,186.0913901,13.233572,91.72442,56.8602,37.44606,91.20947,59.40933
31,621,,260.3837407,13.231417,607.4765,444.62073,445.17303,236.74838,451.0206
31,622,,260.5441268,13.231417,475.89044,339.95853,333.55243,186.10825,342.40472
31,623,Biochanin A: [M+H]+: 0.948;Biochanin A: [2M+2H]+2: 0.948,285.0759581,13.235693,1782.6519,4393.0312,4359.298,2165.354,4300.539
31,624,,282.1465891,13.2357025,246.42065,205.73557,199.28671,108.80956,190.29582
31,625,,519.3215916,13.235693,232.28339,172.53648,166.6175,93.31606,165.9464
31,630,,300.1594589,13.237793,169.83824,135.34602,155.30243,77.96096,142.32106
31,631,,182.5285832,13.237717,39.658524,90.91241,80.00788,39.866123,92.72819
31,632,Biochanin A: [M+Na]+: 0.965,307.0578327,13.23987,371.15472,819.99426,819.0128,418.2916,793.5432
31,633,Biochanin A: [2M+Na]+: 0.910,591.1257407,13.23987,50.98473,254.43771,264.67133,109.71189,258.4664
,634,,367.2167052,13.286458,9.076874,50.31763,59.30375,17.904198,46.586693
42,635,,350.9872588,13.454488,373.59998,378.7962,372.2836,394.3182,357.75974
42,636,,327.0081103,13.452353,138.80617,126.695015,135.66382,156.193,139.41002
42,637,,352.9843221,13.456571,106.783165,83.29263,89.787186,105.180176,83.860176
42,638,,329.0052553,13.45443,132.13934,115.26717,135.67241,148.87042,131.13443
42,639,,348.9901166,13.454435,374.14975,369.3343,357.74377,405.21445,377.56665
,640,,391.2169604,13.462886,44.373287,1215.8137,1234.3436,239.41472,1247.3096
,641,,172.1698225,13.485997,81.929085,75.54739,85.13902,77.71923,80.78059
44,642,,398.2415609,13.525889,152.3796,136.71408,131.76334,155.41785,134.61516
44,643,,376.2596522,13.527977,102.90574,76.76531,87.47545,93.33189,92.11685
,644,,300.1958556,13.56798,68.779854,69.30205,67.15701,65.86544,61.93002
,645,,214.2530206,13.6371975,181.75362,286.73904,309.45663,255.05734,241.8534
,646,,272.1644722,13.630859,85.296165,118.1433,127.39072,143.88799,116.23057
,647,,288.2896743,13.702356,119.47164,144.63782,154.5295,121.27757,155.89114
,648,,249.1825779,13.73181,144.54951,259.10724,246.16542,196.7063,247.34198
,651,,326.1751499,13.7883835,809.0094,775.8932,788.80396,783.77405,755.41364
89,652,,159.1380942,13.894859,74.94081,80.083824,84.627,95.574196,82.11887
89,653,,284.164707,13.894831,227.11925,207.55762,210.73203,230.91109,195.59334
,655,,337.2349606,13.903093,82.351135,76.34219,72.92121,72.29907,55.500977
,657,,274.1802218,13.959155,310.5509,238.31671,241.3307,308.6994,248.98126
,659,,286.1805582,14.294298,4469.391,5250.22,5323.1797,6053.382,5337.267
,660,,330.2063271,14.013057,243.65353,236.43819,230.5157,203.92923,233.2807
,661,,284.1645637,14.042433,207.29733,179.07701,165.70335,212.27028,189.85892
,662,,256.1697432,14.061377,85.51241,80.58726,77.685005,85.86227,83.162704
,663,,310.1804172,14.084295,182.854,198.31232,193.45616,169.1538,214.64647
,665,,258.1855923,14.094806,546.64124,545.8442,538.8704,591.8075,550.6426
25,666,,253.1777738,14.113571,130.83913,388.7429,410.69324,149.638,437.35126
25,667,,157.1225586,14.117762,30.712126,130.98532,137.6506,43.2455,131.01262
25,668,,175.1331621,14.126024,15.100182,96.601364,96.00969,26.994621,85.15338
25,669,,274.180505,14.126047,1565.502,1178.808,1244.9062,1652.8579,1193.368
,671,,245.1150837,14.331614,147.0846,380.35553,378.18527,394.10425,413.51187
,672,,270.1854947,14.370996,2761.1377,2946.7263,3052.2961,3080.312,3021.3716
,673,,326.1750571,14.383577,118.10434,116.94012,124.16196,125.588745,115.1968
,674,,316.2271092,14.46053,49.088352,70.67687,70.43418,60.03945,73.26599
61,675,,286.180853,14.479219,90689.79,89409.82,90295.14,94774.02,90261.8
61,677,,183.0680749,14.48761,178.5916,121.692245,116.71388,189.42184,111.64525
61,678,,593.3347511,14.48968,80.67814,73.2665,77.052444,92.429054,71.64261
61,679,,268.1699234,14.489737,648.6429,661.49445,628.05817,657.39795,644.3929
61,680,,184.0758224,14.491743,511.82083,345.3422,336.925,528.60126,331.8231
61,681,,286.1347584,14.4939165,359.62378,247.24243,251.61514,356.09518,254.11966
61,682,,286.3573306,14.493927,197.40382,375.42715,388.22144,355.0803,373.547
61,683,,286.7768917,14.495996,521.8895,304.1248,311.45227,526.9938,277.77823
61,684,,286.5778406,14.495976,1287.5079,1038.8319,1033.8639,1302.9427,1019.8772
61,685,,286.5994913,14.495976,1515.728,1252.0776,1250.8025,1541.003,1249.2869
61,686,,198.0915865,14.495996,559.54,376.05264,381.14313,548.86194,375.73743
61,687,,286.4099753,14.495996,1687.336,1343.0258,1328.712,1677.3818,1331.8689
61,688,,287.1473174,14.495996,302.65558,165.3773,159.01642,310.25085,151.34991
61,689,,287.5658089,14.495996,134.62494,58.703003,57.526787,123.48167,48.955917
61,690,,571.3531693,14.495996,1222.258,902.0392,884.1206,1256.4537,907.12396
61,691,Nortriptylin: [M+FA]-: 0.178,308.1623136,14.49604,583.22723,516.8511,535.73706,577.48285,529.7219
,693,,856.5259734,14.495996,91.19984,59.850662,51.87471,92.07305,52.845993
61,694,,286.346214,14.498103,740.7533,483.12262,483.44104,740.0346,470.1883
61,695,,286.973354,14.498103,400.54034,217.512,209.86282,395.38373,200.85448
61,696,,212.1071197,14.493891,93.5055,56.303005,71.63155,97.025085,24.155136
61,697,,286.2769854,14.500191,711.1199,406.916,435.95358,673.7053,393.72827
61,698,,185.0821491,14.504367,119.05745,80.83234,76.72218,118.18185,72.22508
,699,,159.0681102,14.50646,86.39775,52.94881,58.183083,87.80741,59.86198
,700,,172.075808,14.498166,98.78599,66.58753,70.132996,92.555,57.58897
,701,,240.1385103,14.496013,83.52159,63.05262,67.6066,104.33751,29.287025
,702,,312.1960981,14.554052,100.24691,65.657295,56.28634,85.24359,41.46495
,704,,412.1179583,14.597534,119.26838,328.8497,324.93375,330.11057,318.82712
,705,,270.1853646,14.630768,6838.436,6594.2856,6638.844,6710.3667,6621.7183
,706,,223.0636165,14.686976,87.82625,44.871414,41.965256,29.782036,52.90867
,707,,337.0750237,14.682863,182.1196,92.042656,93.61227,90.791954,106.431335
40,708,,245.10779,14.705853,46.456707,109.40647,129.2151,113.07135,130.6353
40,709,,412.1417866,14.707916,26.592316,80.67126,87.34477,77.79546,96.18531
76,710,,332.2219412,14.7986355,163.35364,153.0678,132.76413,149.7688,137.69873
76,711,,300.1959276,14.807083,2037.07,1471.6323,1373.9812,2067.0706,1380.1727
,712,3-Indoleacetonitrile: [2M-H]-: 0.023,311.1263113,14.836627,77.52145,95.45421,99.83925,76.76563,100.39757
,713,,426.2616418,14.885104,80.01636,76.946625,82.796936,79.93504,79.32451
,714,,284.2010337,14.912709,625.38214,618.36273,576.3773,612.4847,559.22894
75,715,,288.196378,14.976181,103994.55,93920.664,94480.625,104377.97,93796.4
75,718,,310.1783165,14.98025,791.1555,600.84314,607.6467,785.1303,608.69403
75,719,,579.354993,14.980307,84.21231,85.6674,87.4315,102.261795,80.372894
75,720,,270.1856628,14.982473,83893.08,91866.74,92111.27,86010.63,92366
75,722,,289.1630838,14.982427,252.4126,79.94627,67.17361,237.81737,75.0617
75,723,,288.2928832,14.9845705,541.3541,186.1987,200.16122,535.4969,182.42403
75,724,,288.5945836,14.9845705,1373.1375,886.46906,899.9868,1388.4962,882.75024
75,725,,288.6162416,14.9845705,1561.2706,1079.256,1084.047,1588.992,1082.4844
75,726,,288.9909961,14.9845705,343.12424,77.68412,79.91861,327.08688,84.735306
75,727,,290.2023358,14.986628,4807.239,3392.586,3397.9033,4895.892,3393.3955
75,728,,288.3624407,14.986628,897.9529,472.8787,468.18332,888.3327,467.69492
75,729,,288.7933613,14.986628,489.63403,154.02448,149.44174,485.03967,139.69951
75,730,,288.4264259,14.988744,1817.0756,1187.9893,1198.4348,1798.7843,1217.0336
75,731,,575.3839713,14.988744,1263.8108,645.30237,654.3281,1352.8192,635.2934
75,736,,288.1508229,14.990814,314.24664,149.84586,187.55827,345.62906,184.94727
75,737,Indole-3-acetyl-L-valine: [M+NH4]+: 0.586,292.1672221,14.990827,346.7216,415.10767,403.6162,355.10373,411.0915
75,738,,561.3445877,14.990814,165.49811,263.8038,265.44473,174.74025,257.80255
75,741,,270.4087243,14.9950285,923.677,993.39966,1001.359,902.1214,1012.27386
75,742,,184.0758141,14.995096,651.6454,577.1802,581.704,670.0311,586.6377
75,743,,557.3733771,14.995081,787.4464,585.4896,570.52386,809.6739,566.0052
75,744,,270.5715195,14.997162,708.2228,770.60913,753.5528,706.46594,795.2654
75,745,,270.5919961,14.997162,795.67993,891.71344,913.4693,826.55334,926.5448
75,746,,186.0909595,14.997174,226.86398,163.7249,166.65019,233.75963,174.60503
75,747,,270.1423694,14.999316,160.44029,156.31229,171.90439,155.9861,167.04477
75,748,,270.279547,14.9993,138.51355,147.96165,157.85315,129.9161,142.82463
75,749,,270.7649143,14.9993,120.11391,139.58125,124.68896,108.898964,146.30634
75,750,,185.0829384,14.999319,295.11578,284.07013,284.33084,313.00797,283.1364
75,751,,539.3626325,14.9993,116.364975,135.48538,126.187614,123.264595,132.28566
75,753,,270.346751,15.001452,355.53677,397.61502,373.7643,371.59113,402.29337
75,754,,559.388394,15.003619,652.9087,488.90723,474.13507,695.96094,475.36194
75,755,,159.0682021,15.00558,524.1988,308.7256,307.52405,519.8091,327.83615
75,756,,272.201093,15.007733,69620.09,77166.49,77502.84,71026.26,77943.87
75,757,,172.0758117,15.009819,384.1377,293.4364,288.15314,389.30157,297.36377
75,758,,541.3782115,15.0099,249.89452,310.7114,274.01352,260.29813,292.5987
75,760,,563.3598774,15.013971,255.49417,353.6317,350.4701,270.33466,351.1702
75,761,,543.3931798,15.01812,144.6061,174.20035,160.9848,158.18161,160.38663
75,762,,272.7807115,15.020203,84.487915,49.22257,47.01819,77.418526,56.31604
75,763,,272.3632852,15.02435,185.42593,154.12682,140.85695,176.98552,148.24449
75,764,,272.4246018,15.02435,672.7544,701.13635,700.2041,661.7998,705.43677
75,765,,272.5884555,15.02435,496.96796,493.424,493.96863,490.0242,505.06552
75,766,,272.608863,15.02435,557.64594,611.1959,607.7387,583.88275,594.13934
75,767,,565.3748476,15.030634,110.21967,139.6763,140.18059,112.58365,137.648
75,769,,294.1827474,15.036898,243.04381,287.45035,279.74353,250.38861,259.0613
75,770,,157.1226776,15.030803,20.663273,98.36787,97.08492,17.181305,96.63118
75,771,,311.2579081,15.041084,210.91281,232.11328,221.16231,220.4131,216.32333
75,772,LPE 16:1,452.2771918,15.043157,792.7657,1249.9689,1252.8602,1099.8324,1254.3064
75,773,,474.2586034,15.102878,154.73257,322.07867,344.08557,289.33478,348.06058
75,774,,253.1775436,15.049353,9.54447,86.37683,104.10197,14.567196,95.86788
75,775,,496.2402437,15.10494,46.76629,88.03891,90.812546,78.867714,91.67885
,776,,342.2427012,15.099344,57.274734,61.443485,56.62353,59.292423,55.155746
,777,,312.1959771,15.132738,597.4194,436.74442,446.17194,656.04675,439.822
,778,,300.1956597,15.101334,1850.5923,158.91307,141.05466,208.29622,144.82713
,779,,310.179882,15.214109,98.857994,85.81809,86.79189,115.07713,66.54459
,780,,242.28438,15.216217,275.19162,349.3495,343.529,374.04886,366.2192
18,784,Novobiocin: [M+H]+: 0.989;Novobiocin: [2M+2H]+2: 0.989,613.2392416,15.262393,1789.0587,4811.06,4808.192,4530.6533,4818.3706
18,785,Novobiocin: [M+Na]+: 0.983,635.2212166,15.262393,812.8452,1992.9143,1973.6364,1846.9084,1980.1149
18,786,Novobiocin: [2M+H]+: 0.958,1225.471504,15.262393,79.94199,465.37283,465.94455,439.74585,463.72812
18,787,Novobiocin: [2M+Na]+: 0.966,1247.453372,15.262393,67.731964,327.91205,326.76855,309.4917,332.04572
18,789,,189.091025,15.264496,32.363808,86.459755,78.40825,103.86771,86.20614
18,790,,218.1024906,15.2625065,125.62002,298.82858,288.5976,275.10013,296.94974
,791,,938.8302767,15.26075,0,55.306797,50.9961,51.968536,62.470364
77,793,,1064.508866,15.296061,22.214622,82.22772,90.473885,89.19617,84.34366
77,795,,1086.491042,15.298184,17.795025,58.989853,58.18727,59.501465,54.87957
54,796,LPE 16:1,452.2784936,15.316867,239.2875,2012.6788,2019.2554,2077.5679,2023.9983
54,797,,474.2605643,15.323123,62.922386,438.1118,461.89917,456.3041,444.06653
54,798,,496.2421381,15.329419,17.865078,100.21952,96.38182,104.516365,100.93411
,799,,300.1960341,15.346103,80.027794,322.56097,339.65808,536.21173,323.8764
67,801,,656.2451664,15.352303,8.243162,92.04616,106.70562,87.45894,98.27013
85,802,,312.1961515,15.358813,38.719913,1192.114,1266.56,2084.0588,1225.1013
67,803,,678.2271973,15.358614,5.375078,55.54054,65.65637,66.606415,61.50152
85,804,,570.2334216,15.379446,50.478165,196.16856,189.37839,179.89314,187.97794
,805,,358.2373955,15.4065275,36.887173,62.779793,69.38454,75.4187,62.75286
49,806,,289.1539006,15.429466,313.0848,346.74933,346.50412,340.78738,361.3465
49,807,,304.2998203,15.43364,186.6412,152.68866,152.4668,153.61212,152.40419
,808,,200.2010057,15.513476,143.3228,136.80147,119.63895,127.450745,125.614105
,809,,302.2117366,15.859591,1019.2487,438.49847,444.2262,402.92963,477.6308
24,810,,296.2012298,15.572617,3349.4026,4373.87,4232.8867,3259.0415,4242.783
24,811,,452.2774257,15.581059,68.118576,72.62115,75.83985,72.17273,72.21494
,812,,289.1540467,15.585199,117.65518,159.79164,152.43663,110.74064,153.65152
,813,,649.3971569,15.637921,80.3383,44.88532,46.825787,74.70024,46.479527
90,815,,314.4522973,15.640007,1022.1779,575.6245,578.33704,1015.0854,557.46234
90,816,,336.1935966,15.640007,553.82416,404.41083,408.6497,383.31384,382.88022
90,817,,627.4156603,15.640007,663.5787,317.222,301.9349,531.3876,310.88156
90,818,,315.215063,15.640007,28780.916,18897.22,18836.545,29073.777,18582.357
90,824,,314.3855186,15.642151,379.68823,117.08084,127.585464,374.87503,135.32231
90,825,,314.6281816,15.642151,796.57446,425.19724,456.2708,576.90607,407.70706
90,826,,314.6501486,15.642151,921.98773,534.3484,530.91376,796.99713,504.10883
90,827,,232.097123,15.6421795,101.51469,74.74107,79.52465,79.01574,82.222176
90,828,,314.1601536,15.640055,161.58015,73.81906,86.29656,158.68095,57.521095
48,830,,611.4203062,15.65271,245.41174,182.50603,167.75282,249.77493,169.24812
90,831,,314.2118682,15.654831,76112.62,67471.62,67531.4,79133.195,65526.258
,832,,595.4252113,15.665426,58.38004,62.969418,63.023525,61.090775,59.465164
48,833,,159.0681604,15.652657,129.0307,77.61572,84.45649,51.862328,89.00692
48,834,,172.0758788,15.663284,204.1528,141.14568,150.00311,193.2706,126.76664
48,835,,320.198348,15.665421,176.44942,196.63478,192.32176,179.67638,187.99542
48,836,,298.6217082,15.6675205,125.05463,57.80461,57.846405,72.82565,63.255684
48,837,,298.2168316,15.671804,43043.883,42862.938,43112.977,18691.875,42446.543
48,838,,298.4501515,15.671804,214.61617,178.31444,185.25946,223.26555,162.13007
48,839,,298.6436411,15.671804,208.75319,151.49925,162.03448,77.14641,148.54152
48,840,,617.4072504,15.671806,56.30874,72.0403,67.94125,65.170395,68.597015
,841,,302.2115443,15.71846,189.23622,184.56293,185.14987,402.92963,180.55038
,843,,505.253563,15.703296,317.2298,356.24762,348.8296,288.37497,370.53848
20,844,,311.2580502,15.705469,232.92047,263.3746,261.949,228.52948,242.59277
,845,,312.1960202,15.637888,1250.6415,847.2434,851.7001,2011.9105,816.4063
20,846,,527.235209,15.709627,120.159,153.46411,137.19447,126.082275,134.01497
,847,,284.2009759,15.76476,76.667076,68.45279,446.41025,76.69389,72.005066
102,848,,279.2320179,15.82146,142.72598,141.05594,138.94145,130.25961,141.85474
102,849,,319.224645,15.823506,1574.2772,1567.1545,1554.6855,1286.0288,1616.3934
102,850,,269.2088366,15.825623,80.92632,83.40142,92.97623,57.12925,88.5585
102,851,,335.1983901,15.825623,124.43985,136.8269,136.05107,103.76302,122.15381
102,852,,615.4596061,15.825605,72.86854,83.65794,74.40528,60.693745,78.871605
,853,,505.2533977,15.85565,80.20977,350.25003,343.3786,88.25561,365.50504
,854,,296.2011578,15.855341,6154.507,3997.3264,3949.9724,2759.0884,4199.252
93,858,,284.2010671,15.914621,473.94302,455.79227,442.36752,442.88986,473.10855
93,859,,286.2167651,15.921003,536.96124,509.4873,485.84143,512.9692,496.83386
93,860,,314.2117101,15.92529,3360.1675,2072.8687,1982.192,2925.1902,1942.0406
,861,,298.216757,15.960989,1499.0569,1350.4268,1348.883,1300.6855,1282.3682
9,862,,359.279178,15.992536,93.915344,86.277054,78.43249,88.61456,88.442795
9,863,,673.3772323,15.992513,792.1743,834.7836,825.86786,835.4068,819.1501
9,864,,695.359059,15.992513,111.62719,116.720764,106.476395,116.79171,126.4843
9,865,,651.3946827,15.994614,69.49151,70.561646,60.75202,65.699814,65.823044
,866,,296.2009355,16.003197,6202.3325,104.10263,105.250275,147.01266,4192.092
101,867,,269.2088685,16.013474,487.77682,991.6098,955.9578,626.6505,917.2319
101,868,,326.2113938,16.01979,218.44765,133.45564,124.940384,217.73723,120.97433
,869,,313.2349077,16.042995,207.64273,544.2451,527.8589,399.44534,490.32147
,870,,298.2164367,16.15719,2182.9534,663.9384,684.14557,746.68445,668.1679
37,872,,336.1934479,16.177635,175.13182,120.93729,104.11716,180.16484,108.18739
,875,,627.4149984,16.186083,100.7965,43.029484,49.967564,111.4682,43.265823
37,876,,314.2117635,16.183947,34612.81,21168.293,21286.363,37899.58,21605.873
,877,,296.2011075,16.263676,1227.8022,1068.7172,1061.3055,1226.9707,1090.249
,878,,951.5425231,16.58224,71.26875,53.797127,51.723873,56.406487,56.28309
84,879,,498.2567283,16.284668,294.4117,310.47244,305.12946,333.31296,307.13397
84,880,,476.2750009,16.286682,1095.1499,1164.5054,1201.8262,1219.8528,1195.9414
84,881,,929.5601302,16.286709,119.55092,98.77559,109.66294,105.43987,95.47827
84,882,,246.6237871,16.288809,143.18994,128.55074,133.29643,134.25322,150.65878
84,883,,313.2738941,16.288809,954.45514,822.5843,814.9756,944.69794,811.6603
84,884,LPE 16:0,454.2930531,16.288809,3012.9077,3444.1306,3390.1135,3522.0547,3445.3718
84,885,,907.5783694,16.288809,134.8598,119.71951,128.97244,139.80034,125.639366
,886,,298.2167359,16.393612,2268.1528,2092.1958,2068.767,2252.2625,2107.795
,887,3-Indoleacetonitrile: [2M+Na]+: 0.709,335.1255515,16.399868,240.88812,216.11365,200.62904,228.60349,230.95442
,889,,328.2277335,16.456402,3639.477,1704.2612,1678.3679,3872.4263,1694.5098
99,890,,411.0940883,16.485655,415.62997,218.89153,225.85585,229.25963,230.43414
99,891,,412.0947068,16.487743,111.29789,62.04352,63.68219,68.28484,55.270424
15,895,,301.1414612,16.493843,1574.9473,1556.669,1517.4418,1559.106,1576.6199
,896,,312.2324754,16.52763,2156.1128,1845.5004,1777.1744,2030.953,1887.5803
,897,,321.2402554,16.550627,377.02832,352.70844,338.88684,330.398,352.71643
15,898,,149.0236103,16.552502,151.64526,129.44107,67.0461,140.919,127.26622
,899,,310.216816,16.630953,259.8372,238.51378,234.97227,264.64148,221.41031
100,900,,498.2569574,16.637218,337.12082,372.14938,378.9475,399.93713,371.79636
100,902,,473.2667604,16.651974,63.570972,74.98219,74.07272,66.78772,69.23862
100,904,,476.2751792,16.645636,1293.1263,1440.5568,1463.0746,1475.4949,1420.2764
100,905,,929.5607219,16.64568,149.51457,143.71046,137.77896,149.10078,134.00961
100,906,,246.6238471,16.647732,126.1592,151.85262,133.91441,109.60918,139.66246
100,907,LPE 16:0,454.2932515,16.64989,5326.2354,5223.042,5189.2886,5392.2773,5247.108
100,908,,907.5792486,16.64989,244.40277,229.20792,211.98631,239.27808,212.78041
100,909,,436.2822651,16.65196,140.01237,122.18838,128.66422,123.73392,119.3061
100,911,,313.2739572,16.654049,214.0364,166.78362,166.44226,205.86667,158.36383
100,912,,933.5945129,16.660421,108.51988,84.20458,89.27908,102.42355,88.78852
100,913,,339.2894935,16.662527,201.70312,176.84041,186.71272,219.80052,180.48305
100,914,LPE 18:1,480.3088114,16.6668,1105.809,1245.5417,1235.7616,1271.8301,1194.7473
100,915,,502.2906108,16.673122,313.47992,335.62405,358.44092,339.04388,354.29794
100,916,,340.2273978,16.675228,7419.6377,4441.542,4421.127,7684.083,4335.241
,917,,524.2722481,16.813328,73.035835,393.51465,86.04,78.949165,386.37445
14,920,,631.4471076,16.721348,106.851814,53.634697,59.526978,255.14418,59.191936
14,921,,324.2324039,16.717098,163.3383,160.42862,158.38182,179.36494,151.53043
14,923,,338.2092655,16.721346,263.29727,129.16461,132.21713,283.7212,125.42039
14,924,,316.2275246,16.723389,49772.52,27302.213,27075.816,53258.676,25920.06
6,926,,421.1703823,16.76957,152.48973,137.14622,140.54448,152.8794,140.26337
6,927,Phlorizin: [M+H]+: 0.885;Phlorizin: [2M+2H]+2: 0.885,437.144681,16.769642,140.05942,126.6136,119.28983,135.66473,112.70239
6,928,,699.3927068,16.771696,292.6543,280.16913,297.4486,279.75125,303.28476
6,930,,859.2922445,16.771696,74.563866,70.45682,66.49059,83.446365,69.903824
6,931,,399.1891629,16.775934,1313.7749,1172.017,1165.1694,1333.6719,1172.4056
6,932,,415.1837785,16.780148,85.6352,63.094563,67.86068,77.25292,71.84608
6,933,,383.2119754,16.78011,85.7321,92.462616,79.96405,94.404236,94.4436
6,934,,367.2168029,16.78439,186.48157,196.13464,203.7204,199.0169,196.28458
27,935,,320.198439,16.80101,143.2,134.63599,135.71957,161.48692,144.22403
27,939,,298.216841,16.807262,28386.35,26635.637,25948.191,29803.494,26322.752
27,942,,300.6603284,16.817667,96.0292,51.028847,54.163536,99.30287,56.78229
27,943,,300.4669405,16.815603,112.59699,67.49457,72.46444,126.050415,69.10261
27,944,,300.2324487,16.815603,36657.3,35437.58,34407.707,37525.84,34903.57
27,945,,171.1381793,16.815649,84.27782,106.6967,105.67017,112.59257,96.39889
27,946,,1031.649446,16.815603,148.41978,152.98883,158.23189,143.77585,147.2024
27,947,,153.1276953,16.815649,60.205513,66.58489,57.445335,63.270813,62.217724
27,948,,359.2794037,16.817715,466.69745,470.61154,457.09518,496.86295,478.40134
27,949,,527.3193821,16.817715,1887.7324,1990.1907,1989.4752,1944.6514,1946.5284
27,950,,272.1459986,16.817724,55.241455,65.173615,65.527115,61.2871,52.42965
27,952,,341.268358,16.819788,58.870644,73.1815,70.82419,72.72833,63.8463
27,953,,322.2143782,16.81988,176.12503,185.5955,181.11465,195.08951,185.47656
27,954,,549.3011806,16.821957,312.19464,313.90427,318.17667,325.34344,305.98505
27,955,,189.1488025,16.822,104.232735,120.71137,110.736786,114.2434,124.13869
,956,,324.2322334,16.977251,303.56555,302.3853,295.01123,8061.073,302.2806
,957,,319.2244626,16.930828,319.01822,316.95276,321.04123,221.47711,299.0511
97,959,,1003.573233,17.016403,88.83884,77.120285,76.428276,88.00182,81.576706
97,960,LPE 18:1,480.3085829,17.020617,5437.126,5283.079,5336.189,5689.902,5311.8125
97,961,,499.2821058,17.020617,73.50123,69.945045,66.28073,67.24769,67.659454
97,962,,339.2892732,17.020653,139.13916,104.71006,93.192825,139.52487,99.85252
97,963,,959.609539,17.020617,237.48466,195.5868,205.21242,224.4301,190.18367
97,964,,259.6315284,17.022747,173.62105,179.98093,170.64722,182.6023,182.25525
97,965,,502.2904791,17.02274,1602.7296,1673.7349,1617.458,1671.5483,1633.5897
97,967,,981.5914798,17.02691,167.42311,152.9183,147.10312,164.42773,151.34016
97,968,,524.2722939,17.028961,480.3342,478.26968,466.62643,478.67697,463.93863
,969,,364.2246793,17.142406,73.370346,50.75681,45.114433,123.63214,53.7106
,970,,342.2430127,17.142363,8529.861,8366.8545,8347.659,17822.402,8222.111
36,971,,326.2478543,17.23672,11579.529,11801.269,11717.095,13167.353,11414.14
36,972,,348.2295172,17.240961,74.14225,78.428894,68.94741,83.970894,75.084915
36,974,,324.2322941,17.245113,7202.421,7431.4507,7295.1357,8482.267,7251.1797
58,977,,723.3896473,17.373653,175.30174,207.01237,200.18849,141.58403,207.46222
58,978,,679.4257236,17.37577,122.78428,109.809685,109.60673,92.52684,113.836334
58,979,,701.4081959,17.37788,1273.9783,1424.8728,1381.4122,1360.5001,1391.6705
58,980,,387.3102818,17.37997,153.0781,151.263,166.35895,161.93912,163.61401
58,983,,309.203423,17.386307,180.55003,144.8627,171.15115,187.54091,141.12836
41,984,,313.2737304,17.392653,791.9943,899.6813,889.93054,900.94543,861.82996
41,985,,485.2872134,17.396786,222.37921,239.59962,242.31541,244.04509,245.08884
41,986,,529.251146,17.398945,540.83795,669.6164,663.81036,437.7589,664.9685
41,987,,507.2693902,17.398924,1181.3342,1407.1361,1432.1838,1335.5964,1452.4788
,988,,298.3469061,17.458061,897.3486,1074.8857,1082.6443,1126.7454,1112.3241
,989,,280.1621167,17.46635,108.20719,80.23816,70.371056,123.26824,81.23127
,990,,352.2462643,17.516321,95.44655,89.4762,80.827515,78.594444,79.03097
,991,,425.214808,17.543377,131.97783,104.79536,92.72039,127.07936,82.59847
,992,,326.3783623,17.55581,1961.7477,1655.2412,1643.2721,1873.6135,1666.6133
,993,,342.2428474,17.75152,152.25693,524.2714,527.3868,119.81383,501.48718
103,994,,385.2941578,17.614172,176.81984,201.82072,200.68376,212.31372,192.70317
103,995,,553.3349946,17.616203,930.1866,920.17175,966.51917,976.814,945.57007
103,996,,575.3166389,17.616245,183.30733,168.32466,165.13332,180.97594,165.3351
,998,,352.2463627,17.767971,114.11968,113.78079,87.881775,91.985275,90.406975
29,1000,,342.2428825,17.84705,1120.1797,517.59595,522.0512,1150.0884,495.27734
29,1001,,341.2662549,17.851248,181.5656,194.39777,197.02158,200.19092,180.7253
29,1002,,385.2923773,17.853306,94.25519,88.11934,86.75364,93.31851,81.712425
,1003,,297.2401826,17.859604,358.78842,543.0823,535.2636,408.11688,540.6923
35,1006,,555.2666664,17.914036,108.03694,181.5075,183.61017,170.7138,170.87984
38,1007,,524.2493529,17.930515,151.7601,287.96252,278.09137,283.01016,287.7528
38,1008,,485.2894399,17.930597,301.10956,653.8242,627.09015,591.4026,639.7539
38,1009,,991.5554746,17.930597,194.33879,478.3697,474.86285,382.52667,497.56036
35,1010,,533.284986,17.922216,280.40045,372.3128,373.35382,390.3942,397.94946
38,1011,,507.271589,17.932669,1489.6166,3065.7664,3039.5837,2807.8918,3095.705
35,1012,,339.2892371,17.92023,142.21815,174.37584,183.61464,185.43721,165.67784
38,1013,,523.2459172,17.934753,506.869,1005.38464,958.1897,904.17365,961.16504
38,1014,,1007.529329,17.93483,108.518234,253.61485,255.75548,214.38496,265.6212
38,1016,,525.2476737,17.947327,45.59105,90.9261,90.73371,94.32103,81.73009
,1017,,529.2510297,17.959915,139.95854,310.6662,328.77325,293.2705,324.15887
0,1018,,501.0864549,18.05159,128.66975,63.74888,72.53136,90.574356,73.33704
0,1019,,485.1126938,18.053787,682.63654,362.10883,374.64035,462.4482,369.84396
0,1020,,486.1132804,18.053787,254.64023,133.90218,133.8702,197.96988,137.75122
0,1021,,487.1109844,18.053787,163.57436,85.34198,79.47675,116.90232,88.7282
,1022,,727.4240586,18.085007,136.26869,110.106514,123.2819,122.192795,113.804184
,1023,,326.2478495,18.122517,139.22536,116.07974,116.307495,138.34816,106.06105
,1024,,354.4095316,18.147339,52.02263,177.18404,170.48425,199.79541,165.41072
,1025,,311.2557955,18.30633,163.94412,287.9836,277.00256,314.5708,217.71361
,1026,,368.2585331,18.180765,92.749016,47.860203,38.948826,116.85857,41.965336
,1027,,713.307243,18.224161,50.355206,64.9131,65.46689,64.79221,64.32883
19,1028,,555.3505764,18.22006,1066.604,1517.152,1488.9739,1542.6677,1512.5509
19,1029,,577.332466,18.220076,219.46793,298.63074,298.961,315.8267,318.37067
19,1030,,387.3105821,18.220127,201.98596,282.27167,265.75616,296.0024,266.71942
,1032,,355.2820486,18.434093,397.10892,309.2248,512.3222,445.8183,523.4975
,1033,,399.308214,18.284773,287.49008,279.0349,293.96414,287.2366,113.80963
,1034,,293.1703662,18.463564,94.41092,36.996582,56.086845,101.90639,62.57693
,1035,,531.3866816,18.379704,194.27834,114.3031,51.507668,193.5496,184.52296
,1036,,487.3607232,18.392233,129.71225,188.06845,227.32248,232.87747,220.54709
,1037,,443.3344774,18.341951,313.31775,50.38169,110.062035,276.81274,211.8342
,1038,,691.2417296,18.484343,171.81403,64.5731,155.75978,165.74052,105.48967
,1039,,344.2586604,18.433903,1763.5166,672.82184,664.67725,1669.0314,659.41486
88,1041,,511.3032117,18.474106,705.874,669.49554,679.23334,711.1156,702.53357
88,1042,,533.2853088,18.484192,2160.308,2256.3206,2204.4597,2121.659,2242.92
88,1043,,555.2671221,18.486473,1017.04236,1125.84,1154.8284,1038.9084,1119.3093
88,1044,,339.2893179,18.488499,308.57602,270.8988,276.52774,291.488,250.36798
88,1045,,493.2925496,18.488544,463.71695,449.9721,439.5538,458.74237,429.5772
88,1046,,623.2543111,18.484184,166.63142,184.91638,197.76736,88.3578,194.84595
,1047,,311.2558606,18.52151,269.0621,652.72437,648.27277,358.77966,609.40436
,1048,,293.1704127,18.534222,265.82092,36.996582,56.086845,228.58679,62.57693
,1049,,326.2480884,18.567408,1328.302,1078.6638,1029.0996,1275.1978,997.7648
,1051,,328.263677,18.59037,3102.9836,2448.955,2383.6228,2915.6218,2380.1333
,1052,,280.1622153,18.60906,380.7265,237.9717,242.77025,380.551,222.5344
65,1053,,255.2320148,18.627941,75.91563,65.133385,63.831303,74.91271,66.403336
65,1054,,299.1958265,18.627941,150.07658,144.16837,147.81369,145.6056,143.56189
59,1055,,729.4399744,18.688587,418.37476,414.47522,400.21744,465.2915,401.29056
59,1056,,751.4313212,18.696936,75.05822,76.84571,75.927185,77.40291,86.37527
,1057,,370.2742411,18.709522,901.0003,342.49164,349.054,954.47754,331.46793
,1059,,352.2631761,18.86311,112.32636,76.5849,81.7673,122.449974,92.88469
,1060,,354.2792619,18.879889,2227.874,1695.5381,1769.2183,2160.7273,1793.2389
,1061,,581.3654805,18.92788,115.20191,101.64607,106.6406,117.78076,98.25134
,1062,,457.3500309,19.070143,94.89143,124.16962,93.45686,82.50104,113.13363
,1063,,353.2664978,19.028183,86.450775,97.88637,121.72342,89.06976,120.61547
,1064,,413.3237714,19.05524,189.37819,185.52798,186.37029,87.42987,180.04607
,1065,,280.1622687,19.128563,199.97536,166.36783,146.14705,208.19324,162.06267
,1066,,256.2637262,19.13905,190.16724,183.95605,203.24776,213.25008,196.8033
,1067,,369.2978695,19.210186,258.82428,591.20746,620.7561,455.94003,604.60425
,1068,,379.282093,19.241476,89.13742,88.228874,91.6332,88.192406,87.31487
21,1070,,304.2611079,19.352203,121.925255,149.98878,155.9101,163.04575,175.67093
21,1071,,282.2791886,19.356283,337.68625,481.04297,515.5458,518.09045,488.63297
92,1073,,559.1313457,19.391485,157.61081,305.9213,332.8776,402.00656,322.98785
92,1074,,560.132186,19.39353,68.18068,145.06096,139.05296,190.74461,146.64703
92,1075,,561.1298182,19.39353,46.943657,79.73809,95.33792,129.03156,98.35305
92,1076,,575.1049375,19.393574,38.297176,55.94828,72.19449,90.28639,64.37146
,1077,,325.2714771,19.410294,447.91052,2206.9817,2365.0203,1146.1648,2263.272
,1078,,369.2977713,19.381763,80.72207,512.4592,515.05194,80.98128,72.35513
,1079,,583.3817298,19.50568,181.10286,137.03792,138.34619,172.50136,142.53584
,1080,,282.2792524,19.599232,111.05226,103.02767,121.7701,110.16187,108.139595
,1081,,427.3392694,19.757347,41.324734,70.485886,82.50958,69.290565,67.33292
,1083,,369.1986287,19.77618,36.229847,66.81944,62.00141,61.88766,43.31378
91,1084,,257.2475728,19.776175,224.15198,179.06319,210.8383,234.33208,190.0302
,1085,,282.1465237,19.809816,138.97421,136.91347,96.74044,169.09459,212.10362
91,1086,,301.2113609,19.78038,393.2945,344.79395,379.04184,427.89508,357.5888
66,1088,,395.214613,19.925076,99.31364,117.03478,112.129425,96.72423,113.47229
66,1089,,282.1464876,19.929403,271.94473,184.09607,104.433945,124.74359,112.667206
66,1090,,327.2271809,19.933514,765.10925,753.8711,835.2988,754.5792,765.6121
66,1091,,609.4825238,19.933514,102.198235,88.38963,92.25575,88.43062,95.44186
66,1092,,631.4645677,19.933514,70.22586,68.89465,80.48763,60.71494,65.65321
66,1093,,283.2632903,19.935604,227.16084,188.60895,194.04361,204.57108,186.55449
66,1094,,265.2527037,19.935623,102.04846,87.20035,96.39175,92.16918,76.24194
98,1096,,408.3084082,20.008831,97.66356,106.47886,118.549576,114.37427,125.5443
98,1097,,383.3132707,20.012993,198.65337,627.2675,630.0976,433.02966,637.86957
,1098,,489.3552647,20.086262,130.6582,112.51964,108.21401,128.33974,114.2734
,1099,,372.2896636,20.157677,94.93748,38.518646,41.72607,103.37675,40.29283
,1100,,408.3085408,20.216091,91.82395,98.74299,94.86577,89.85897,92.54205
,1101,,485.3812615,20.283249,79.717285,65.060326,65.86254,81.08333,64.48247
,1102,,398.3056462,20.325253,366.44516,127.13447,129.73973,399.02383,130.98065
,1103,,356.294989,20.392138,568.503,331.1211,352.33923,606.85754,342.74606
,1104,Cer 24:4;2O/1:0;Cer 25:4;2O,406.329225,20.406757,125.836815,106.07737,107.09364,126.24956,105.080864
,1105,,441.3552685,20.429846,186.65265,217.27768,218.55138,226.84615,208.51196
63,1106,,633.1506852,20.51562,164.11752,101.89689,124.00406,159.5462,120.01482
63,1107,,634.1510433,20.51562,95.99939,67.150444,63.497803,80.48104,67.02762
,1108,,382.3104424,20.561783,491.6356,279.96362,287.286,413.8991,288.9333
,1109,,354.3186005,20.654057,55.63112,1085.4601,960.1958,358.5409,26.136583
,1110,,397.3288409,20.622574,552.3559,543.1367,522.3241,315.26358,581.1994
,1115,,353.3027203,20.861797,403.12302,593.1362,559.3164,465.31937,545.28986
,1116,,397.32886,20.94931,362.7283,417.97885,406.15125,438.37384,298.1713
,1117,,329.2427998,21.034973,59.917377,80.892975,68.82244,70.72771,71.589874
,1118,,393.2977183,21.081135,2786.3552,2479.948,2483.2935,2811.1382,2211.7605
,1119,,783.5746458,21.104244,53.157402,72.04674,57.872353,61.183094,17.587328
,1121,,413.2663454,21.11674,1766.8627,1554.8567,1543.3146,1575.3424,1400.9249
,1123,,353.3026027,21.200073,395.7743,406.33624,381.80194,459.7202,369.9871
,1124,,1011.616809,21.320862,63.769505,68.16461,55.578598,60.70659,50.741512
,1125,,411.3444409,21.374847,43.42862,82.05548,81.47667,62.42617,75.16361
,1127,,707.1685836,21.43945,124.29939,88.47922,91.82903,123.57842,99.49515
,1129,,939.5953779,21.4914,48.56552,33.07987,47.35968,63.19204,48.198376
,1132,,425.3601522,21.804935,97.65115,72.26726,77.585266,88.63949,72.056564
,1133,,441.2975428,21.878147,461.2663,335.7406,208.80202,432.53262,237.86794
,1134,,381.3338364,22.02102,134.0339,119.15944,109.258575,117.35829,119.983696
,1137,,673.8870808,22.36982,1459.2301,929.7097,273.5577,112.441986,365.1547
71,1139,,360.3236684,22.2269,120.90089,124.77633,127.839775,226.27818,108.76008
71,1140,,338.3418683,22.226936,240.2949,185.97466,182.13219,381.34464,186.33704
71,1141,,781.1877209,22.229021,96.86999,71.66915,71.906685,95.6673,82.97829
,1142,,741.874555,22.43696,1423.5067,963.31946,893.3308,585.49677,324.52954
,1143,,425.360082,22.260338,87.57907,78.62142,73.98466,91.0897,21.83747
,1144,,381.3340218,22.29774,107.09075,91.62103,82.36208,101.42661,81.77664
,1145,,1110.788865,22.607605,842.16235,216.91379,2549.5898,969.1969,70.082825
,1146,,449.3599537,22.61022,76.19437,52.219917,55.649826,77.53704,57.648285
,1147,,945.8368816,22.662678,111.60354,2460.5706,430.37192,1551.771,2280.3857
,1148,,838.8387846,22.605787,261.00513,8074.472,1298.5499,540.4128,638.72217
,1149,,877.8497058,22.605642,91.6532,415.00668,3291.1187,2669.996,3785.2346
,1150,,809.8619452,22.79979,1000.39557,4270.1978,654.58344,843.93866,260.05676
,1151,,469.3285896,22.724018,125.46352,112.60877,106.91629,117.628136,111.984085
,1153,,906.8260369,22.82842,286.3991,1056.9849,5165.416,1549.2078,4585.5107
,1154,,1042.801474,22.725208,45.501945,2876.7063,246.6301,100.11718,3145.6384
,1155,,770.8513009,22.763376,464.32635,9394.8125,8675.938,193.21118,8728.782
,1156,,855.2067742,22.944513,115.82336,53.890057,50.758244,91.508804,62.54699
,1158,,838.8389034,22.828922,49.79904,1155.3468,6810.4355,540.4128,8154.1113
,1162,,974.8131611,22.914606,152.50117,3676.6013,3831.2666,29.797085,4068.506
,1165,,702.8638582,23.093554,519.86395,1388.6398,3835.4307,188.4496,11496.836
,1167,,906.8263474,23.262121,114.26522,5325.2827,117.63086,365.04605,50.13697
,1168,,929.2257949,23.685349,93.858864,29.484264,15.368759,68.576126,24.953377
17,1173,,685.4357805,24.524563,1683.7986,1576.8204,1570.2024,2054.7634,1524.6804
17,1174,,708.5114311,24.524563,318.49048,166.81879,162.34363,355.42554,176.2042
,1177,,214.253099,27.156094,736.0606,3704.9607,2725.8525,3491.7227,217.54773
,1178,,242.2843884,27.25719,2732.6267,855.0547,2851.704,3021.6504,113.363266
,1179,,326.3781819,27.276352,2754.0366,2790.7593,2361.669,2369.8887,280.9979
56,1181,,226.9518424,27.324732,1669.6396,1698.5753,7722.4775,1938.3162,4261.8687
,1182,,1042.801584,27.32262,136.85764,138.67757,145.14891,137.49078,111.63417
56,1183,,362.9267434,27.324732,397.68512,411.20932,408.5197,419.18408,828.1003
56,1184,,430.9141498,27.324732,563.66394,568.7545,562.3943,582.1432,1082.8647
,1185,,1110.789077,27.32262,87.87822,119.60702,108.24312,104.09932,78.884926
,1187,,634.8765032,27.324732,380.8925,363.91476,345.6768,441.96536,557.5271
,1188,,702.8640507,27.324732,409.4592,386.33932,386.54138,474.5349,479.17313
,1189,,770.8514828,27.324732,357.9992,359.25876,361.15427,385.95526,435.7551
,1190,,838.8388996,27.324732,313.3364,324.5184,331.3008,322.69397,410.4824
,1191,,906.8264371,27.324732,228.27817,234.1905,242.32698,245.00665,251.96799
10,1197,,102.1278289,27.335342,23253.373,20266.658,18681.234,22714.178,19785.965
10,1198,,124.0871142,27.335342,2023.511,1675.6007,3433.073,2325.934,964.5735
10,1199,,128.1071473,27.337454,6464.5244,6716.565,6258.156,6501.0366,5895.526
10,1202,,122.0965339,27.341635,4173.0996,4285.958,4033.2498,4131.634,4067.5356
10,1203,,136.1121782,27.343699,1562.0286,1269.3138,1505.2375,1447.5569,1058.136
10,1204,,261.131162,27.343792,199.76472,183.00629,197.82973,253.68419,221.85329
10,1205,,236.907065,27.34586,168.12569,125.350624,117.46375,188.97856,121.73232
10,1206,,130.1591598,27.34586,1162.0381,177.63388,582.5223,568.8309,177.57996
10,1207,,150.1278892,27.34586,3641.6038,3947.2383,2698.296,3896.4666,3143.4204
10,1208,,288.9220957,27.34586,87.83869,109.72099,110.74617,89.65667,103.869576
10,1209,,304.8944897,27.34586,391.73657,327.30698,334.4583,403.03458,308.7512
10,1210,,306.8951094,27.34586,85.72928,85.19188,79.93274,97.039955,69.71927
10,1211,,440.869368,27.34586,176.12994,153.64789,169.30379,207.77132,153.02171
10,1212,,305.1573325,27.347977,269.3928,254.92961,239.04964,287.27322,243.56837
10,1213,,349.1834477,27.347977,132.3137,132.06055,132.32741,134.57858,128.87064
10,1215,,164.1435046,27.35645,2060.3086,1777.8486,1488.6084,1897.5923,1863.619
10,1216,,178.1591829,27.35645,3636.5386,3912.968,3746.081,3964.304,3127.961
69,1218,,143.9592149,27.367016,495.18015,270.93152,268.39438,490.99576,241.10576
69,1219,,184.9857796,27.367025,157.99448,72.53807,70.32694,147.71243,86.53923
69,1222,,126.9682491,27.373333,469.95663,239.49211,265.18228,297.00702,273.03513
69,1223,,88.00446466,27.375423,160.34676,38.43592,84.74424,102.07131,131.18309
69,1224,,90.50703829,27.375408,1204.6875,755.74817,1023.9968,1241.8595,989.86694
69,1225,,97.99995806,27.375408,359.95026,167.5328,285.03058,271.9112,309.24466
69,1226,,100.5101407,27.375408,242.95442,253.60718,250.64247,430.59174,208.46104
69,1227,,117.9596108,27.3754,135.47173,81.16861,91.20706,100.28728,88.06511
69,1228,,99.51236358,27.377478,1353.8265,448.53806,958.43463,1317.4478,900.21564
69,1229,,83.99695609,27.377522,249.34908,208.95166,140.20811,218.85439,172.01323
69,1230,,91.50477723,27.377522,444.972,336.91513,325.26135,419.37793,238.65715
69,1231,,115.9638335,27.377522,719.3642,480.25198,461.23608,742.9853,401.09995
69,1232,,78.99888457,27.38176,534.6601,312.40894,327.22653,215.1095,462.4011
69,1233,,246.8623366,27.383871,684.63794,316.03812,311.43066,691.2054,275.0894
51,1234,,141.9587108,27.385891,10710.508,8030.857,6496.1416,7990.81,5537.5728
51,1235,,97.96883059,27.38592,2426.0886,1597.498,1427.2418,2553.5227,1508.6204
69,1236,,287.8888614,27.383835,649.9889,90.75206,296.43225,693.11725,319.92722
51,1237,,182.9853362,27.387985,290.6385,337.1637,314.58347,744.51196,388.66843
51,1238,,182.9619626,27.390085,806.6152,748.7895,803.848,949.5626,530.75037
,1239,,123.0918883,27.396414,676.6893,712.79517,593.65875,744.4599,638.8904
51,1243,,89.50682636,27.421667,7513.894,5814.144,5418.402,7684.116,5779.8257
51,1244,,122.9640907,27.432209,779.7933,749.44196,698.7509,779.822,709.3117
51,1245,,113.9637615,27.436377,10913.333,7891.3643,7845.0024,11657.257,8119.0166
51,1246,,72.93723234,27.438461,1886.8982,1470.0143,1406.0215,2259.0303,1267.4294
51,1247,,140.9513841,27.44256,880.99884,521.8886,623.79974,869.21436,652.8969
51,1248,,82.99667353,27.442612,5364.6567,4333.3154,4268.1216,5293.444,4440.5454
51,1249,,68.99367541,27.442617,1754.6292,1339.7765,1344.4637,1734.4501,1387.3235
51,1250,,96.99968664,27.442692,883.9123,660.9169,701.9752,947.73737,707.8538
51,1253,,159.9691614,27.46165,1154.5323,689.9876,818.46985,923.3667,695.83813
51,1256,,77.99889537,27.486843,6694.0166,4533.4863,4920.307,6550.188,5238.454
51,1257,,98.51212608,27.497488,7643.966,5445.1597,5059.3765,7786.4414,5331.2583
51,1258,,87.00420259,27.549618,4099.563,3036.3862,2743.126,4050.295,3216.0793
,1260,,659.9848368,27.61455,0,656.4557,606.00934,0,601.7218
96,1261,,130.0080635,27.625187,2007.0869,2184.3628,1908.5186,2017.9738,2055.3643
,1264,,250.9726073,27.661322,64.77429,14.417108,33.754997,431.54785,14.977805
,1265,,102.0130057,27.665049,413.03775,37.313526,66.393654,348.31546,357.67828
96,1266,,132.0036791,27.680027,1164.838,956.8861,1001.0415,1161.1943,1046.1671
,1267,,186.9563761,27.753748,1673.3492,2192.8276,2158.3254,1858.0236,1929.9169
,1268,,158.0029979,29.012897,1462.431,6961.432,5786.7754,6939.174,6755.6924
