row ID,row m/z,row retention time,row ion mobility,row ion mobility unit,row CCS,correlation group ID,annotation network number,best ion,auto MS2 verify,identified by n=,partners,neutral M mass,Si11_35840.mzXML Peak area,Si11_35844.mzXML Peak area,Si11_35845.mzXML Peak area,Si11_35843.mzXML Peak area,Si11_35842.mzXML Peak area,Si11_35839.mzXML Peak area,Si11_35841.mzXML Peak area
4,128.019384588775,1.0352095,,,,0,,,,,,,117.09346,134.99232,132.74516,141.41896,147.28804,133.50662,122.8378
7,125.986378547062,1.0336548,,,,0,,,,,,,157.5278,169.02231,166.04854,201.38834,173.37073,134.8563,130.8493
8,151.949833355087,1.0366952,,,,0,,,,,,,124.540474,180.7441,177.41968,313.3064,168.20766,118.5837,131.89983
14,110.008798910594,1.0366952,,,,0,,,,,,,266.54068,351.86343,357.2572,380.54117,299.19006,265.56912,239.54962
15,149.952955436702,1.0382024,,,,0,,,,,,,232.31865,349.92484,296.98395,562.2013,312.85022,221.14134,220.82051
16,105.963055119061,1.0382023,,,,0,,,,,,,49.535973,86.11514,71.26489,142.68994,78.82357,47.23188,52.905582
22,141.95872750246,1.0575548,,,,,,,,,,,207.11124,134.72386,263.44693,145.90437,27.8648,49.41255,169.45982
26,107.049205651981,1.4259523,,,,13,3,[M+H]+,,2,32;26,106.04195,331.69217,395.171,377.02448,373.84436,340.45682,287.3766,387.30957
27,135.044149996334,1.4259523,,,,13,2,[M+H]+,,2,28;27,134.03689,2303.7354,2557.2263,2642.1504,2486.2964,2389.675,2070.3335,2406.7761
28,152.0707339747,1.4259523,,,,13,2,[M+NH4]+,,2,28;27,134.03689,1333.4598,1484.2509,1507.2046,1479.2633,1352.6516,1266.3595,1418.6542
29,202.180267472677,1.4259644,,,,13,,,,,,,65.80934,69.991684,74.81774,66.85794,79.41413,76.40607,80.856125
31,85.0588965225131,1.4274595,,,,13,,,,,,,61.017418,73.88307,54.405342,71.85272,64.71845,63.87419,55.666306
32,106.065222427395,1.4304739,,,,13,3,[M-H2O+NH4]+,,2,32;26,106.04195,225.84772,267.80695,262.83743,254.27908,221.21495,202.00896,231.85541
33,152.0706888838,1.6199762,,,,34,4,[M+NH4]+,,2,33;34,134.03687,364.844,424.68124,391.695,378.25833,361.37393,317.4977,385.38583
34,135.044152826749,1.6269548,,,,34,4,[M+H]+,,2,33;34,134.03687,667.75726,727.8448,715.85925,730.1654,655.6814,583.7423,641.795
35,107.049202940702,1.6224525,,,,34,,,,,,,60.452023,84.8371,94.404396,97.21919,24.134426,59.50424,70.607254
36,217.104705482551,5.7096095,,,,38,5,[M+Na]+,,2,36;37,194.11549,383.97946,480.81918,474.12714,471.691,394.71744,403.57437,442.47348
37,195.122776142825,5.7096305,,,,38,5,[M+H]+,,2,36;37,194.11549,319.47162,263.3211,235.73978,284.7216,295.79715,318.42123,304.96088
38,256.175563363962,6.385929,,,,39,6,[M+NH4]+,,3,40;39;38,238.14166,48.57967,34.23257,46.09854,42.037533,43.249977,69.61652,59.29829
39,239.14892106315,6.3852315,,,,39,6,[M+H]+,,3,40;38;39,238.14166,559.98145,525.7143,506.0775,543.2574,510.7639,601.8358,550.8795
40,261.130805850698,6.3854556,,,,39,6,[M+Na]+,,3,40;38;39,238.14166,380.73904,480.14032,453.20636,459.63995,412.9863,366.79288,397.5555
41,300.201549043007,6.862,,,,45,7,[M+NH4]+,,3,42;41;43,282.16779,85.46335,79.47057,68.00353,72.06205,82.55327,100.688545,94.28884
42,283.175103258758,6.8621573,,,,45,7,[M+H]+,,3,42;41;43,282.16779,155.09868,153.23651,152.94151,148.10934,139.368,147.46939,152.19139
43,305.157026353489,6.863772,,,,45,7,[M+Na]+,,3,42;41;43,282.16779,116.07401,131.20149,147.23973,129.53769,107.25881,103.64497,124.27268
45,188.093146611991,7.0220337,,,,1,,,,,,,61.45415,70.01944,63.866615,20.886065,56.325813,61.47583,67.54155
46,453.15025637251,7.020636,,,,1,8,[2M+Na]+,,2,48;46,215.08065,72.6199,94.20912,80.207016,69.39833,78.85452,63.26765,86.955925
47,148.061846998775,7.022171,,,,1,,,,,,,516.32465,522.77124,520.8848,527.40375,486.74722,526.98505,512.6618
48,216.087972017302,7.022171,,,,1,8,[M+H]+,,3,46;48;49,215.08065,22854.475,23621.426,23449.459,23530.62,22462.441,22919.873,23379.129
49,238.06996393035,7.0235815,,,,1,8,[M+Na]+,,2,48;49,215.08065,309.39685,327.2593,301.41122,319.036,285.13684,311.7279,336.34164
51,344.227680821481,7.246959,,,,,,,,,,,67.099815,55.009598,45.407856,73.25214,59.995937,67.5303,59.512047
52,166.058034894928,8.241506,,,,17,,,,,,,78.38695,79.3363,82.837944,84.94894,46.19175,82.06678,85.35441
53,119.049165007031,8.235369,,,,17,,,,,,,146.129,162.89296,149.4121,145.96638,131.39333,137.14333,148.55484
54,147.044023953783,8.235436,,,,17,9,[M-H2O+H]+,,2,56;54,164.04733,1191.9857,1366.748,1305.4498,1314.1415,1208.2004,1203.7617,1305.287
55,165.054598966462,8.235436,,,,17,9,[M+H]+,,2,56;55,164.04733,815.12744,906.9955,840.91956,864.4194,808.8299,822.7444,910.13544
56,187.036563515504,8.241527,,,,17,9,[M+Na]+,,3,56;54;55,164.04733,50.269207,59.25903,48.276897,51.932606,50.14175,37.22571,63.508957
57,148.047456910031,8.23995,,,,17,,,,,,,115.34569,123.007286,101.578186,119.17151,60.64787,113.68278,116.2311
59,334.062845058045,8.522458,,,,3,,,,,,,325.29034,358.31116,368.067,341.7391,345.67447,325.46094,334.93723
61,633.141951333268,8.52845,,,,3,10,[M+Na]+,,3,65;61;63,610.1525,1492.76,1603.2638,1583.0509,1628.4307,1528.6696,1423.1592,1503.5773
62,465.102551704619,8.529936,,,,3,,,,,,,273.7079,297.43686,300.23926,299.87988,295.5858,270.86575,290.3872
63,611.160085822565,8.529936,,,,3,10,[M+H]+,,3,61;63;69,610.1525,5102.691,5311.6743,5264.9077,5417.285,5248.042,5011.505,5156.1533
64,630.1338690124,8.529962,,,,3,,,,,,,259.11914,330.17807,369.68915,344.48087,303.76846,215.26137,278.59988
65,1221.31191455733,8.529936,,,,3,10,[2M+H]+,,2,65;61,610.1525,196.10696,189.66808,177.28316,202.01012,193.52988,198.33165,185.15948
67,303.050001442021,8.531481,,,,3,,,,,,,929.57477,987.32153,949.83026,956.2249,908.436,962.9127,913.2441
69,1243.29345388342,8.531481,,,,3,10,[2M+Na]+,,2,63;69,610.1525,426.58847,434.0763,447.2719,445.36734,426.9073,434.77393,420.2539
70,137.049641405822,8.566164,,,,32,,,,,,,62.35398,28.728773,58.201294,63.772003,66.412125,47.107056,61.448704
72,401.081054944633,8.564608,,,,32,,,,,,,140.63643,182.97581,195.29141,183.0088,168.78568,132.86125,148.96957
74,135.044096607706,8.569238,,,,32,12,[M-H2O+H]+,,3,76;77;74,152.04737,10125.988,10453.118,9732.288,10510.784,10630.061,10896.023,10013.131
75,153.05469593931,8.569238,,,,32,12,[M+H]+,,3,76;75;77,152.04737,2919.2344,2899.3462,2723.793,2979.236,3016.1384,3034.531,2839.8948
76,175.03664806583,8.569238,,,,32,12,[M+Na]+,,3,76;75;74,152.04737,2406.7617,2994.2185,2763.9683,2920.5417,2723.1265,2485.3389,2499.168
77,327.083706613803,8.569238,,,,32,12,[2M+Na]+,,3,75;74;77,152.04737,105.19637,140.60094,123.975204,131.62953,122.73552,116.224655,103.78725
79,177.054678413708,8.6561985,,,,24,13,[M-H2O+H]+,,2,79;81,194.05802,2287.9897,2535.0823,2447.276,2463.8674,2422.1516,2254.2935,2364.0957
80,195.065292054669,8.6561985,,,,24,13,[M+H]+,,2,81;80,194.05802,1146.485,1276.2698,1220.398,1242.2532,1237.0197,1147.6841,1218.5444
81,217.047282328439,8.660636,,,,24,13,[M+Na]+,,3,79;81;80,194.05802,81.07219,103.604836,93.11676,103.203476,90.208405,83.30417,97.53512
82,149.059858737117,8.666762,,,,24,,,,,,,66.35541,69.66047,67.58679,72.54519,73.249664,69.13049,79.398026
83,196.068685012485,8.662308,,,,24,,,,,,,117.94739,142.94775,147.99945,134.44812,125.862465,133.43544,130.06235
84,178.058115024684,8.662214,,,,24,,,,,,,252.3093,262.756,265.70108,278.71674,261.5876,251.9572,234.64485
85,595.164973213033,8.9524975,,,,36,14,[M+H]+,,2,85;86,594.15771,101.34252,116.86582,95.021645,97.53018,94.27655,88.032326,88.38904
86,617.146950655821,8.955436,,,,36,14,[M+Na]+,,2,85;86,594.15771,55.699364,55.668835,50.10121,64.47818,54.7773,52.836876,53.497993
87,89.0597299965143,9.0127,,,,40,,,,,,,118.36903,87.83716,113.60719,119.42008,118.371864,119.17847,124.2248
88,163.132907120287,9.009978,,,,40,15,[M+H]+,,2,88;90,162.12561,1143.7423,963.76215,930.509,958.51276,1007.54877,1269.7517,1080.7954
90,185.114809777872,9.020486,,,,40,15,[M+Na]+,,2,88;90,162.12561,4516.2876,4747.015,4951.118,4597.451,4885.866,4626.091,4601.042
91,101.0961446401,9.020499,,,,40,,,,,,,120.75394,109.766136,120.35848,110.91166,94.674835,121.80901,121.417076
92,168.041962798413,9.037112,,,,7,16,[M+Na]+,,2,92;94,145.05275,362.32846,309.38522,334.12833,338.9434,355.31238,337.14026,344.9804
94,146.060026627018,9.037133,,,,7,16,[M+H]+,,2,92;94,145.05275,5902.641,5919.034,6406.1475,6128.3926,6032.1406,5750.6504,6047.8984
95,118.065108953882,9.038633,,,,7,,,,,,,1161.6305,1231.7343,1260.1528,1209.4999,1200.4951,1134.0114,1155.4866
96,625.175340947304,9.059759,,,,,,,,,,,91.76011,97.82567,97.17529,102.04303,100.01652,86.72897,95.952995
97,600.206628160224,9.08634,,,,,,,,,,,54.486156,57.51074,54.742508,52.129726,28.170948,47.83106,53.055325
99,247.054586602691,9.385117,,,,2,,,,,,,215.05992,178.76776,165.20024,187.07498,181.39552,192.42328,206.99147
100,459.125585859804,9.386664,,,,2,17,[M+Na]+,,2,100;106,436.13609,1348.0127,1512.184,1489.6986,1480.8813,1474.2628,1374.7626,1430.9705
101,275.091275249119,9.388164,,,,2,,,,,,,3651.756,3501.9111,3364.0203,3674.5618,3474.2534,3494.3594,3579.753
102,674.185286883771,9.388164,,,,2,,,,,,,136.50606,181.64418,183.3787,169.42241,160.59428,118.1195,136.97678
104,456.117324149153,9.388221,,,,2,,,,,,,250.99667,301.51614,298.75674,308.9251,276.67148,217.41086,257.91473
106,437.143717625504,9.389646,,,,2,17,[M+H]+,,3,110;100;106,436.13609,256.42886,284.6265,258.03992,264.29437,273.09207,252.61432,268.8547
108,107.049136319577,9.389722,,,,2,,,,,,,358.58524,329.96265,324.81345,372.70193,333.30008,336.54736,360.16742
110,895.2601459681,9.389722,,,,2,17,[2M+Na]+,,2,110;106,436.13609,200.16835,219.37013,215.29019,211.72552,209.2161,192.78809,211.78017
113,169.04954232015,9.391235,,,,2,,,,,,,220.60776,189.3173,191.2828,223.20776,194.97072,210.18152,214.31746
115,238.0492591211,9.39417,,,,2,,,,,,,302.6426,346.3242,354.2501,365.16373,307.2913,291.1765,299.21335
116,674.686997341328,9.391171,,,,2,,,,,,,93.82338,131.38339,127.27345,129.2013,110.95264,88.53146,101.134
117,438.147245665486,9.388245,,,,2,,,,,,,60.979496,58.08394,59.734875,61.590694,56.47029,54.947853,58.603268
118,229.141050772096,9.512596,,,,,,,,,,,75.26386,89.39068,82.245834,110.50296,75.174,65.86506,81.24626
119,331.208712001483,9.750183,,,,,,,,,,,28.818142,98.137634,15.523144,48.473137,27.975153,28.296698,77.93996
120,171.149144522901,9.851895,,,,,,,,,,,88.760735,43.345547,13.1180105,108.11795,43.382782,41.236156,61.47695
121,186.130732872711,10.297736,,,,,,,,,,,376.08368,34.658936,20.986233,13.621168,78.51085,100.74828,67.79138
122,186.130757445429,10.505196,,,,,,,,,,,84.694275,629.0093,49.962616,75.36403,143.5582,24.28166,15.7297945
123,130.065120407148,10.769676,,,,31,,,,,,,554.92096,610.3596,600.57294,613.27924,564.16943,536.6361,546.1426
124,179.0579684051,10.769734,,,,31,18,[M+Na]+,,2,124;125,156.06874,163.8793,163.09235,162.27147,156.98367,149.50824,162.04694,146.13245
125,157.076010259436,10.772763,,,,31,18,[M+H]+,,2,124;125,156.06874,282.11066,281.58557,255.69765,278.73654,273.02057,258.96295,268.55237
126,186.130916470864,11.021626,,,,,,,,,,,1626.649,81.153725,90.87467,33.281326,124.19295,27.067806,182.73764
127,271.059985962875,11.23388,,,,,,,,,,,68.80335,72.59778,62.256668,72.28811,65.10024,61.835377,67.96445
128,213.146141619499,11.275087,,,,,,,,,,,161.94954,169.59784,171.938,185.61398,152.89288,147.09113,166.66689
129,186.130905753077,11.289137,,,,,,,,,,,148.75824,1422.1531,1555.318,56.495228,47.165924,318.00046,207.00742
130,288.05834375127,11.410507,,,,19,,,,,,,578.5463,385.9342,356.6243,433.63757,383.06415,381.9308,618.51385
131,287.054927053769,11.409014,,,,19,19,[M+H]+,,2,133;131,286.04765,3703.334,4640.109,3971.389,4430.5376,3476.7861,3583.5002,4002.184
132,201.528542136307,11.407537,,,,19,,,,,,,36.71025,123.83918,59.841316,106.25539,119.99596,35.979122,98.487724
133,309.036859252048,11.417677,,,,19,19,[M+Na]+,,2,131;133,286.04765,54.229782,94.03684,105.73878,115.349205,52.178566,53.676857,104.63487
134,426.1332031756,11.523173,,,,,,,,,,,121.10399,128.9326,110.446655,126.18083,121.67967,118.84844,122.31595
135,266.17249572987,11.724573,,,,4,20,[M+Na]+,,3,137;136;135,243.18329,85.04892,94.4787,82.459114,86.16827,88.1341,92.16223,88.02528
136,226.17999250494,11.726103,,,,4,20,[M-H2O+H]+,,2,136;135,243.18329,141.91403,164.9704,143.95253,151.9722,139.35387,146.7667,148.85658
137,244.1905987051,11.727722,,,,4,20,[M+H]+,,1,135,243.18329,68.99077,73.19086,68.35788,67.404366,67.06505,75.175705,70.30138
138,263.056208204564,12.420552,,,,27,21,[M+Na]+,,2,139;138,240.067,61.635902,61.295147,59.838352,60.11203,60.310276,69.85692,25.608646
139,223.063729203532,12.424893,,,,27,21,[M-H2O+H]+,,2,138;139,240.067,134.69151,107.798805,116.344604,126.334496,122.30984,142.65094,108.84507
140,158.154011466096,12.505166,,,,,,,,,,,126.56511,143.31926,139.97816,127.102196,137.26471,100.51964,108.85961
141,228.195761586707,12.69451,,,,43,22,[M+H]+,,2,142;141,227.18849,305.47327,305.4472,295.3336,300.857,280.1407,308.40622,293.30197
142,250.177705520329,12.702226,,,,43,22,[M+Na]+,,2,142;141,227.18849,455.11484,467.5077,443.15927,460.54327,454.67963,456.8687,431.08835
143,274.274054176132,12.890809,,,,,,,,,,,169.51318,150.86188,184.48572,185.85487,163.61456,190.87619,184.95445
144,230.247836719607,12.938707,,,,,,,,,,,82.297935,76.387726,90.13659,93.62705,79.02484,86.97299,87.421936
145,288.289624432048,13.01297,,,,22,,,,,,,511.42963,507.49216,468.55524,482.07568,502.42203,559.28253,484.64465
146,318.300086365811,13.018339,,,,22,,,,,,,103.304985,93.906204,95.83117,116.94655,93.65128,120.19388,106.08956
147,290.268767544401,13.043519,,,,,,,,,,,65.36015,64.45541,69.32454,62.32856,38.58101,73.43748,76.21786
148,245.07830257151,13.110713,,,,42,,,,,,,214.76747,217.72435,205.00172,202.32841,220.4768,185.5779,208.55107
149,288.289632859055,13.116815,,,,42,,,,,,,662.3295,682.24054,646.4997,688.7767,633.02057,640.62805,665.35425
150,244.263414387234,13.153852,,,,,,,,,,,208.2754,221.03922,204.7557,214.69012,208.10254,153.89056,207.35446
151,339.154084925811,13.30981,,,,10,23,[M+Na]+,,2,153;151,316.1649,51.72264,50.526917,58.978966,35.30391,59.519566,47.057785,52.09172
152,161.096151185911,13.305321,,,,10,,,,,,,92.2733,93.87814,75.177505,83.95246,86.4019,86.80147,94.2423
153,317.172218028913,13.306908,,,,10,23,[M+H]+,,1,151,316.1649,50.361725,59.022583,56.55706,59.15703,61.47333,56.61146,58.023754
154,304.284566145498,13.323516,,,,,,,,,,,45.012577,72.754486,71.15564,109.88201,88.71483,43.96601,105.55436
155,288.289695949301,13.355101,,,,,,,,,,,2691.126,2767.2563,2596.9575,2705.0461,2709.0247,2622.0442,2667.7683
157,244.26354721805,13.3747425,,,,11,,,,,,,390.90494,387.5244,382.70203,414.84915,396.13522,401.39813,376.06796
159,593.101905931684,13.380745,,,,11,,,,,,,101.83002,111.19316,100.17794,107.62109,100.65509,93.74007,94.54912
160,285.075775016533,13.380812,,,,11,24,[M+H]+,,4,166;160;165;161,284.06827,12045.142,12846.136,12074.689,12584.327,12027.022,11702.231,11984.314
161,307.057737713899,13.380812,,,,11,24,[M+Na]+,,3,166;160;161,284.06827,1541.9036,1741.1672,1567.658,1670.821,1625.3678,1499.5375,1523.3398
162,200.539013529095,13.380855,,,,11,,,,,,,165.48476,185.02428,187.08276,187.27802,181.06537,177.35992,172.91862
163,304.049326531102,13.382182,,,,11,,,,,,,104.818016,135.4042,128.02217,133.66725,109.310745,79.08623,101.669014
165,591.125499503216,13.382317,,,,11,24,[2M+Na]+,,3,166;160;165,284.06827,701.9372,726.7809,658.2714,692.51373,673.02356,629.6091,657.464
166,323.031074939479,13.383859,,,,11,24,[M+K]+,,4,166;160;165;161,284.06827,129.11166,118.48777,104.6111,125.39788,106.03455,114.25026,112.73911
168,891.158521131098,13.385312,,,,11,,,,,,,74.620514,77.64018,79.17776,90.004715,82.17948,63.27945,67.68959
169,343.295554194715,13.446524,,,,,,,,,,,61.94965,77.92942,77.45701,76.00557,65.755394,78.42674,70.23373
170,304.284688190597,13.526828,,,,,,,,,,,252.52185,268.99118,252.28459,242.81624,254.20767,254.90712,261.09378
171,288.289759170508,13.621656,,,,29,25,[M+H]+,,2,171;172,287.28247,1292.7607,1399.0573,1425.9375,1350.0363,1227.2599,1217.9938,1260.2816
172,310.271683625486,13.626265,,,,29,25,[M+Na]+,,2,171;172,287.28247,61.191513,62.011887,70.30946,64.8596,59.902557,62.468582,68.89104
173,329.005173268274,13.641479,,,,5,27,[M+H]+,,1,176,327.99788,92.482414,89.12533,40.667885,80.3221,70.244095,104.125854,89.122574
174,327.008181913759,13.647453,,,,5,28,[M+H]+,,2,175;174,326.00082,106.905815,69.34256,99.40037,75.70727,47.8842,106.72025,102.016754
175,348.989947274551,13.639991,,,,5,28,[M+Na]+,,2,175;174,326.00082,168.1528,158.02637,166.66269,155.5233,119.84856,155.39322,172.5951
176,350.987090280704,13.6399975,,,,5,27,[M+Na]+,,2,176;173,327.99788,160.52592,147.02722,170.29585,148.54285,165.34311,163.7423,185.16362
177,244.26353935281,13.675616,,,,,,,,,,,153.92427,161.143,154.25365,164.3964,158.62025,169.65503,157.63945
178,304.284684673312,13.764395,,,,,,,,,,,304.1169,284.6702,280.75717,275.77094,293.3006,283.42065,310.25342
179,302.26881464819,13.953717,,,,,,,,,,,180.57791,187.43703,183.54579,188.79086,190.41551,185.58514,208.69539
180,249.182607012724,14.363577,,,,47,,,,,,,151.15172,157.73477,148.90253,144.0739,136.2006,152.041,167.24883
181,253.177485905986,14.366791,,,,47,,,,,,,75.75336,82.9931,68.46579,83.287224,71.139534,73.5114,71.03355
182,316.320982765367,14.461743,,,,,,,,,,,72.00517,67.45352,47.989838,56.746426,18.882763,48.703682,74.10967
183,316.321008763387,14.574464,,,,,,,,,,,135.80698,154.54128,143.84851,128.1489,149.83626,124.26032,151.19753
184,245.11491454331,14.587824,,,,,,,,,,,294.14105,286.763,291.61514,270.1808,286.33496,263.8386,291.9701
185,170.096532254724,14.606002,,,,,,,,,,,158.9084,180.41457,175.90852,229.92273,158.01892,135.45316,188.91722
186,310.235348204181,14.637197,,,,18,29,[M+Na]+,,2,187;186,287.24612,266.1035,245.44635,242.07967,231.69804,242.22754,273.56866,255.54764
187,288.253394157813,14.637222,,,,18,29,[M+H]+,,2,187;186,287.24612,202.32832,181.80449,183.11227,202.52174,202.05847,194.55823,211.38509
188,412.117876311077,14.758824,,,,28,30,[M+H]+,,2,189;188,411.11059,933.0437,921.8041,967.0765,976.30945,929.2608,943.81976,930.7914
189,434.099801744537,14.758824,,,,28,30,[M+Na]+,,2,189;188,411.11059,94.12846,96.90589,100.08056,96.65142,112.042885,103.599556,100.346596
190,413.121255841269,14.757502,,,,28,,,,,,,252.80667,272.44122,273.97794,258.94177,249.50482,258.618,255.90054
191,316.321049345605,14.816765,,,,48,,,,,,,546.0366,564.8937,564.51794,564.4474,564.50806,554.0482,554.83923
192,317.324500980731,14.816758,,,,48,,,,,,,87.03351,100.04286,105.539604,74.555725,86.25382,87.86875,82.7971
193,272.294781652273,14.8398285,,,,,,,,,,,66.49925,26.665674,50.512707,65.765236,73.22345,66.60169,73.20598
194,337.074949329415,14.932639,,,,35,,,,,,,203.76488,200.03934,166.24953,183.59125,177.14423,216.99728,195.12135
195,223.063731114208,14.934091,,,,35,,,,,,,84.57773,71.39194,80.35776,73.22778,75.54674,94.23748,83.31594
196,316.320847336813,15.053167,,,,,,,,,,,143.37051,145.11702,129.13846,137.05086,128.9778,136.54987,150.93274
198,311.126262076064,15.486976,,,,,,,,,,,227.78133,285.315,272.7026,252.9929,251.94444,224.0966,246.96019
199,243.135583271274,15.549762,,,,,,,,,,,223.79927,267.88165,323.03418,377.7793,389.48004,223.1689,279.185
200,200.200950848297,15.591233,,,,,,,,,,,146.65985,138.41284,154.54982,161.89235,134.98308,148.05852,156.39653
201,289.15385115797,15.654862,,,,,,,,,,,54.37593,58.160435,71.47079,78.55287,61.828205,56.525837,64.24098
202,267.172105673297,15.808992,,,,21,31,[M+H]+,,2,203;202,266.16479,188.50269,169.8561,162.38911,188.45322,189.4687,185.55345,202.24489
203,289.153973822181,15.808992,,,,21,31,[M+Na]+,,2,203;202,266.16479,581.96136,650.02484,670.71936,676.16925,638.0233,614.4252,634.2262
204,297.203673072965,15.95181,,,,,,,,,,,84.43318,86.006905,65.96454,71.037674,81.07406,80.34716,79.301605
205,269.208891450616,16.154463,,,,,,,,,,,236.93031,186.08437,211.71548,243.66528,240.35666,174.24641,239.3933
206,457.277239748095,16.071451,,,,,,,,,,,42.498314,73.338,30.671413,72.1855,58.957764,36.489807,81.813354
208,357.147266731897,16.356813,,,,,,,,,,,92.83624,237.78659,240.56013,181.6841,213.55176,71.14734,225.98439
209,355.15255864168,16.522074,,,,,,,,,,,97.036415,130.75388,127.08365,119.30904,116.189186,26.644535,108.587685
210,291.229558414879,16.640749,,,,,,,,,,,294.93323,279.97705,313.19656,297.58502,292.67392,288.94955,293.4666
211,149.023412804563,16.666468,,,,6,,,,,,,71.00104,61.84218,82.42186,74.15408,71.9463,101.2768,82.6231
212,313.143497080227,16.66653,,,,6,32,[M+H]+,,4,212;213;216;215,312.13622,127.999695,86.943535,113.8271,119.122,114.2798,169.89882,150.07906
213,335.125513836777,16.668005,,,,6,32,[M+Na]+,,3,212;213;215,312.13622,1254.1635,1075.6168,1296.5127,1279.4685,1158.9844,1324.4076,1479.8208
214,205.086001301293,16.668062,,,,6,,,,,,,71.19255,68.588936,83.265564,85.31144,79.49584,94.80427,86.50463
215,351.099496053506,16.66807,,,,6,32,[M+K]+,,4,212;213;216;215,312.13622,489.85437,510.3238,556.34625,537.1613,524.995,559.7383,590.14935
216,647.261294614535,16.66958,,,,6,32,[2M+Na]+,,3,212;216;215,312.13622,61.03338,54.66545,68.876785,70.63015,54.681686,84.78377,75.30651
217,336.128792361518,16.664968,,,,6,,,,,,,238.57126,205.65556,262.36057,241.90582,241.8427,278.96387,285.39923
219,317.115286856588,16.766127,,,,25,33,[M+K]+,,3,219;223;222,278.15204,87.073524,81.58224,85.84393,79.46247,80.626114,71.943436,76.99048
220,372.34728771252,16.758654,,,,,,,,,,,70.66502,92.58904,61.57203,81.83096,43.849392,74.047615,84.22701
221,149.02348402862,16.769146,,,,25,,,,,,,124.75495,115.4744,93.9408,116.03471,128.32353,121.031395,107.75905
222,279.159292432043,16.769178,,,,25,33,[M+H]+,,3,219;223;222,278.15204,104.392426,93.729774,93.45551,94.75259,89.263084,89.24021,75.19116
223,301.141203512222,16.770674,,,,25,33,[M+Na]+,,3,219;223;222,278.15204,818.71747,875.2625,797.1134,865.7402,834.21124,760.1117,758.26965
224,427.067698721256,16.775206,,,,25,34,[M+K]+,,2,224;225,388.10459,143.20937,117.31224,107.75253,112.292725,124.13951,136.72055,119.55851
225,411.09384904136,16.776762,,,,25,34,[M+Na]+,,2,224;225,388.10459,507.53183,423.78513,353.9029,430.1044,433.33072,495.20023,443.1509
228,302.144766142758,16.827347,,,,16,,,,,,,114.41697,101.52096,156.88734,115.66972,104.63828,138.89925,152.26225
229,279.159182420605,16.810783,,,,16,36,[M+H]+,,2,232;230,278.15202,54.38235,65.52611,57.55051,59.148853,54.13788,72.538795,70.15738
230,317.115255820844,16.861368,,,,16,36,[M+K]+,,3,232;230;229,278.15202,71.40548,95.58542,87.385994,85.8816,75.10777,94.440155,87.21269
231,149.023519776793,16.861483,,,,16,,,,,,,120.00096,125.65222,133.04193,159.03271,102.893616,124.96095,129.45195
232,301.141281187814,16.86447,,,,16,36,[M+Na]+,,3,232;230;229,278.15202,710.6608,890.21436,861.4206,909.85034,698.4526,876.42096,824.57117
234,311.219438114051,17.18475,,,,,,,,,,,137.62321,119.738434,163.36598,156.01826,125.24754,160.61734,158.46176
235,299.350339073859,17.204319,,,,8,,,,,,,1807.24,1631.7701,924.0462,1577.5182,1761.7932,1407.7917,2019.7068
236,298.346999617254,17.198303,,,,8,,,,,,,9067.12,8991.436,8611.124,9935.439,8283.358,8492.465,8814.425
237,371.162831296418,17.33903,,,,,,,,,,,188.41214,158.17172,190.804,173.15846,135.57318,134.44833,214.09795
238,326.378285648639,17.352716,,,,46,,,,,,,1737.0807,1681.3939,1549.2063,1741.6455,1694.3398,1696.9352,1687.5679
239,327.381638168826,17.352749,,,,46,,,,,,,312.86237,396.0881,305.9439,374.19894,275.13132,269.71408,364.77808
240,226.159184248202,17.388338,,,,,,,,,,,128.90752,118.915665,104.384,113.54094,118.9395,143.59494,124.524826
241,228.23240143972,17.47672,,,,,,,,,,,172.29808,132.1368,106.79812,137.60701,145.62881,207.38777,143.54703
242,270.27940846065,17.641912,,,,,,,,,,,75.36691,70.156784,67.56918,75.77971,68.09806,72.35872,68.04358
243,297.240202685777,17.694883,,,,20,,,,,,,160.62302,190.52693,181.89209,189.23549,158.4524,169.68103,182.98425
244,341.266286793784,17.697927,,,,20,,,,,,,337.6948,362.3394,427.98746,368.5378,364.891,342.45398,365.92874
245,385.292439987761,17.714682,,,,,,,,,,,218.50644,233.99974,219.41188,218.8049,219.34769,207.92291,205.7673
246,309.203646998065,17.720856,,,,,,,,,,,149.51851,138.83287,163.77684,153.5892,145.89087,146.45114,140.78082
247,429.318579440949,17.772293,,,,,,,,,,,207.6807,235.19054,204.75163,246.39642,239.5153,204.69942,205.3923
248,473.344636772952,17.775461,,,,,,,,,,,136.88644,176.58066,157.82162,177.18816,64.34105,131.72012,119.71455
249,561.396799608516,17.776974,,,,,,,,,,,44.873055,64.800125,119.19032,56.10668,50.22214,40.222298,78.4874
250,425.214568960818,17.85867,,,,,,,,,,,50.794388,59.448097,51.733418,62.916283,55.100784,61.04822,58.54904
251,274.15922933154,17.890516,,,,,,,,,,,154.63364,111.18248,102.29303,127.28122,125.64508,162.17018,142.76506
252,100.510051253598,17.936274,,,,,,,,,,,27.517094,14.21593,37.11894,369.82388,31.941984,35.19001,57.306313
253,649.449080908019,18.020884,,,,,,,,,,,71.845505,84.46387,91.35857,79.39918,66.72941,66.32634,68.554115
254,605.423111370758,18.037516,,,,,,,,,,,93.36914,111.46934,100.29186,96.12773,101.163506,83.74393,89.63125
255,561.397044231223,18.05257,,,,,,,,,,,89.940605,123.11808,118.068634,117.97676,112.7095,94.83267,111.2533
256,512.415720516694,18.070766,,,,12,37,[M+NH4]+,,2,256;257,494.38182,62.462254,57.689236,56.539997,34.231003,33.95934,67.78707,58.132652
257,517.370955648227,18.073816,,,,12,37,[M+Na]+,,2,256;257,494.38182,121.26966,142.85725,133.94827,144.66216,143.59102,108.45123,144.20035
258,473.344947984587,18.082882,,,,12,,,,,,,191.81735,241.14247,224.81828,231.62535,236.19783,191.27197,227.98558
259,341.266431671443,18.0844,,,,12,,,,,,,522.5395,545.795,572.0832,561.98444,539.87256,567.65454,568.5683
260,429.318831924609,18.088945,,,,12,,,,,,,317.84,385.83286,343.06647,307.55353,308.42212,302.10635,299.05682
261,297.240292149759,18.091986,,,,12,,,,,,,495.77295,461.19617,457.0757,466.28024,429.2244,447.48334,494.18396
262,385.292581065185,18.092052,,,,12,,,,,,,364.12634,344.61105,348.0827,358.10037,383.0973,401.12915,400.9103
263,311.255827892785,18.136093,,,,,,,,,,,765.13275,234.617,786.11584,777.7404,824.7958,766.9468,768.9524
264,99.5123360302459,18.197145,,,,,,,,,,,110.30465,46.133244,213.4559,247.55763,1567.3246,94.97686,86.50878
265,523.245561718144,18.228374,,,,33,38,[M+K]+,,2,265;266,484.2824,217.42287,235.83604,212.82483,223.36269,204.07365,203.43977,215.58699
266,507.271609266427,18.229877,,,,33,38,[M+Na]+,,2,265;266,484.2824,243.23967,249.71849,244.99686,255.17792,235.49335,229.81366,258.45453
267,385.178606305439,18.330154,,,,,,,,,,,41.189606,122.97329,150.37967,24.148129,178.18506,83.102844,113.84619
269,297.082558555307,18.367771,,,,23,,,,,,,37.98072,33.681118,35.081932,44.239532,35.94074,49.273174,47.35624
270,223.063873854746,18.366343,,,,23,40,[M-H2O+2H]+2,,3,270;278;276,462.12357,43.22618,20.781399,37.740276,36.52684,39.71432,51.619503,41.46807
271,463.130847660138,18.366224,,,,23,40,[M+H]+,,3,278;271;276,462.12357,85.3983,61.63474,55.81087,59.800438,57.05714,89.15597,73.8057
272,486.113385697078,18.366224,,,,23,39,[M+Na]+,,2,272;273,463.12411,413.83594,362.4808,303.63153,373.70703,365.51956,435.278,406.73593
273,502.087218325254,18.367771,,,,23,39,[M+K]+,,2,272;273,463.12411,109.758354,95.22279,83.23251,94.704506,96.77001,125.710014,105.31636
275,487.111073844202,18.36926,,,,23,41,[M+Na]+,,2,275;277,464.12185,275.15897,223.49678,202.19315,228.75761,226.35161,319.83047,268.12985
276,485.112652703369,18.36935,,,,23,40,[M+Na]+,,4,270;278;271;276,462.12357,1022.877,873.14246,731.2656,870.26434,865.32355,1026.1364,946.82465
277,503.08500877297,18.370655,,,,23,41,[M+K]+,,2,275;277,464.12185,83.65849,78.65187,63.304745,88.839,71.980446,99.305534,88.11838
278,501.086651002633,18.370836,,,,23,40,[M+K]+,,4,270;278;271;276,462.12357,290.96008,230.17043,217.24059,243.90974,237.15698,299.87454,269.89618
279,99.5123309450798,18.384506,,,,37,,,,,,,111.595764,168.38097,71.631065,287.47485,226.54364,89.38635,69.016754
280,108.517659209401,18.367834,,,,,,,,,,,28.378227,26.292747,18.674774,24.634167,141.26274,20.265347,15.689931
281,707.490947844682,18.459581,,,,,,,,,,,101.51236,186.33081,193.82433,187.5674,174.39587,92.03019,94.351425
282,663.465084314261,18.478971,,,,,,,,,,,55.896408,137.58905,37.257286,162.9744,147.60922,85.03064,239.10797
283,614.48339650701,18.49127,,,,,,,,,,,177.78159,56.14402,74.699936,69.71038,39.464493,30.929321,37.872044
284,619.438853412262,18.485308,,,,,,,,,,,134.49695,176.80975,143.10774,169.03566,121.03662,95.642815,162.71843
285,570.45727797228,18.506626,,,,,,,,,,,71.703606,86.58816,41.88233,24.455612,82.3662,70.89464,74.8242
286,531.386451855624,18.520294,,,,,,,,,,,118.696724,136.46088,123.55293,183.17645,178.79193,99.055885,63.40062
288,443.334277639987,18.541632,,,,26,,,,,,,710.59845,715.085,320.06952,651.0829,305.03882,660.8019,347.28552
289,355.281997567304,18.538635,,,,26,,,,,,,1521.3868,1544.0936,1615.6448,1578.1581,1548.6301,1487.0266,1241.2977
290,487.360440934121,18.531057,,,,26,,,,,,,163.61615,283.42084,479.4514,272.14862,493.87448,90.79433,171.42274
291,399.308158875346,18.541647,,,,26,,,,,,,662.32275,729.9196,687.9886,769.08905,708.1991,643.0503,710.13934
292,311.255797491503,18.549208,,,,26,,,,,,,882.0795,1662.0864,827.0644,843.1218,794.73627,913.0271,863.07825
293,333.276480074086,18.567362,,,,,,,,,,,161.13135,173.55008,157.52463,149.35147,141.4455,132.17476,167.4524
294,663.465098336761,18.579462,,,,,,,,,,,234.562,274.78546,258.897,261.5712,244.57355,227.33647,146.61807
295,614.483425245734,18.600676,,,,,,,,,,,115.86032,90.94945,53.021305,93.25415,86.27646,169.50293,108.9063
296,619.438790266546,18.608435,,,,,,,,,,,131.5698,324.934,319.34515,334.7286,301.95062,251.6232,291.03046
297,575.412588737291,18.62361,,,,15,42,[M+Na]+,,2,297;298,552.42344,339.13342,382.96466,391.76804,380.70654,340.17007,304.2361,360.61453
298,570.457326514311,18.626497,,,,15,42,[M+NH4]+,,2,297;298,552.42344,199.18463,97.564995,86.1502,96.843475,167.22546,131.15926,95.37091
299,526.43120003761,18.64011,,,,9,43,[M+NH4]+,,2,300;299,508.39733,209.39523,130.19687,62.425774,160.80096,175.63634,232.32022,44.688465
300,531.386499208404,18.643225,,,,9,43,[M+Na]+,,2,299;300,508.39733,226.93388,394.26974,384.43924,365.32993,356.04166,339.97394,335.88626
301,487.360411705554,18.65225,,,,9,,,,,,,471.08972,493.46704,313.66965,507.87177,218.33339,439.38507,441.23276
302,443.334310331077,18.668905,,,,9,,,,,,,407.166,424.58432,652.85944,385.98465,616.12744,369.30878,599.89307
303,99.5123078977617,18.72024,,,,,,,,,,,53.53073,82.90776,215.02888,172.93837,921.69476,48.58806,98.94594
304,427.245405829179,18.782,,,,,,,,,,,96.852104,99.906746,85.79452,97.31994,90.76872,86.37374,110.30795
305,462.920052148203,18.843918,,,,,,,,,,,177.22763,106.6781,68.30163,76.66252,134.70844,26.815258,1001.7925
306,443.334380407689,18.927631,,,,,,,,,,,133.88414,167.8949,170.4934,181.17215,246.71698,128.31764,129.30365
307,399.308154130109,18.93826,,,,,,,,,,,157.6831,101.80773,132.76537,148.78665,117.504684,172.618,138.35065
309,355.281986082716,18.942867,,,,,,,,,,,146.46716,196.64665,131.1975,168.78983,142.22351,119.667816,35.595234
310,311.255781615015,18.953505,,,,,,,,,,,103.71633,54.32152,86.41511,89.40629,137.4526,65.17657,82.33871
311,125.090142660532,19.002256,,,,,,,,,,,92.87558,18.806015,35.28669,27.106113,30.48577,546.27423,94.77207
312,425.287184954776,19.216175,,,,41,,,,,,,74.165375,81.27067,71.16674,78.95769,81.09895,80.7409,83.96519
313,256.26361308128,19.223764,,,,41,,,,,,,443.89816,501.2795,441.596,449.69745,437.52008,413.8896,430.44208
314,354.318690274674,19.26021,,,,,,,,,,,37.162086,27.973167,536.11115,32.809357,115.96669,37.344666,178.99712
315,633.454371832577,19.264675,,,,,,,,,,,105.86331,114.33567,145.19153,98.93772,88.83376,60.398853,125.17227
316,589.428377639857,19.281252,,,,,,,,,,,260.35797,128.00058,142.77856,151.82082,144.42009,142.84828,248.86865
317,501.37592873144,19.309961,,,,,,,,,,,352.54898,151.32787,31.663475,166.43742,343.91467,343.474,174.87527
318,545.402237647467,19.305502,,,,,,,,,,,111.58301,150.02791,334.778,323.49545,145.03389,104.47178,101.002846
319,353.266328447399,19.307018,,,,,,,,,,,60.46321,64.39663,48.536972,61.43235,68.909996,55.18209,52.741066
320,457.349984257129,19.328096,,,,30,,,,,,,266.2632,537.1472,211.41228,527.8956,507.236,454.5071,511.76138
321,369.297666163417,19.344814,,,,30,,,,,,,344.772,374.83197,253.61685,328.70517,342.55078,302.5594,294.64908
322,413.323864863554,19.346209,,,,30,,,,,,,349.90015,330.23376,318.86206,349.90036,308.16803,322.21252,373.86575
323,325.271429747458,19.352402,,,,,,,,,,,221.39243,227.3594,155.34064,299.39972,220.55742,270.73547,163.21924
325,589.428182000035,19.43254,,,,,,,,,,,107.25638,145.88089,154.3778,286.53644,123.56388,55.34774,126.70311
326,545.402259603629,19.452005,,,,,,,,,,,280.67377,123.851395,147.83725,132.11292,137.28093,158.93277,161.57149
327,501.376017170461,19.468431,,,,,,,,,,,152.94261,371.4926,383.13586,398.02133,199.95178,91.58241,145.63358
328,304.261175798084,19.476034,,,,44,44,[M+Na]+,,2,329;328,281.27197,467.60913,509.82764,521.58765,548.29407,572.33057,450.88736,494.12357
329,282.27926588821,19.479061,,,,44,44,[M+H]+,,2,329;328,281.27197,1418.9478,1514.5562,1476.4675,1512.646,1515.2622,1304.149,1399.0518
330,144.982244665618,19.520046,,,,,,,,,,,100.416374,795.1663,70.02933,62.696526,182.79709,61.75545,166.09064
331,369.297535038803,19.501583,,,,,,,,,,,243.81496,216.2009,311.70294,255.72473,231.10909,216.68788,215.26076
332,282.221711287304,19.642088,,,,,,,,,,,996.2906,1151.2527,1131.6501,1135.9292,1164.0466,921.7584,1069.7202
333,217.104909230491,19.678114,,,,,,,,,,,50.201183,95.68905,58.79116,33.95847,1077.8757,64.90204,73.00703
334,589.428060497623,19.688585,,,,,,,,,,,26.331362,88.22767,77.21632,69.06805,59.748466,62.233147,62.742447
335,545.402127659948,19.702173,,,,,,,,,,,122.20511,144.82639,127.873856,129.5519,111.999374,105.279854,138.58107
336,537.149463107593,19.724909,,,,14,49,[M+H]+,,3,345;350;351,536.14199,48.437115,11.982573,25.4348,27.871021,31.6132,45.50825,38.93988
338,556.174265331788,19.724766,,,,14,47,[M+NH4]+,,3,338;349;348,538.14042,69.95997,35.308903,22.13662,41.06252,43.656963,77.775734,54.256126
339,501.376095895709,19.720276,,,,14,,,,,,,189.9323,252.64969,206.09152,257.52576,194.23671,173.53519,208.27454
340,578.103779632876,19.724844,,,,14,45,[M+K]+,,2,340;343,539.1406,64.985954,56.807972,48.21866,61.575485,57.334095,71.03135,58.359104
341,555.176482298768,19.72635,,,,14,46,[M+NH4]+,,3,341;347;346,537.14269,99.13646,58.574593,45.831978,61.69938,67.593796,122.9242,75.74237
342,371.101423706982,19.723349,,,,14,,,,,,,190.77965,127.57464,122.67283,134.8064,149.90335,215.10126,154.8935
343,562.129800819224,19.723375,,,,14,45,[M+Na]+,,2,340;343,539.1406,167.32433,136.0277,123.52282,132.11168,138.84909,173.60011,146.03596
345,559.131224131793,19.724838,,,,14,49,[M+Na]+,,4,345;336;350;351,536.14199,1355.6722,1157.1945,1086.5983,1181.6677,1169.9938,1471.9381,1296.6909
346,560.132022617252,19.724838,,,,14,46,[M+Na]+,,3,341;347;346,537.14269,674.7854,547.38257,523.7114,557.81793,580.56836,724.72095,633.771
347,576.105761857946,19.724838,,,,14,46,[M+K]+,,3,341;347;346,537.14269,232.10835,193.87769,176.0775,192.70988,181.78603,213.9101,208.93083
348,561.129780231629,19.72635,,,,14,47,[M+Na]+,,3,338;349;348,538.14042,452.34317,393.36606,348.66785,396.38275,393.06958,510.86035,419.8626
349,577.103426906292,19.72635,,,,14,47,[M+K]+,,3,338;349;348,538.14042,182.27998,161.35957,145.27838,159.73854,166.04436,191.07086,175.03265
350,575.105076314702,19.727848,,,,14,49,[M+K]+,,4,345;336;350;351,536.14199,445.87115,398.6224,375.0183,392.05487,410.488,458.23206,425.55444
351,554.175676855324,19.727884,,,,14,49,[M+NH4]+,,4,345;336;350;351,536.14199,190.59059,118.37154,109.343925,126.47384,124.31865,253.35121,166.50662
352,457.349933710149,19.733913,,,,14,,,,,,,313.5516,291.057,375.19513,360.5214,283.6399,332.98923,287.99042
353,413.32377853876,19.74447,,,,14,,,,,,,313.79565,335.3891,372.04788,422.706,383.46457,367.16052,305.74405
354,369.297621578021,19.753498,,,,14,,,,,,,407.3253,472.31787,381.96005,441.241,467.5557,419.57745,384.17065
355,325.271454236888,19.773056,,,,,,,,,,,372.40533,363.3876,348.69864,422.07367,393.27603,377.11462,333.18304
356,354.318946266137,19.826855,,,,,,,,,,,43.93259,440.5696,15.745997,49.909912,45.1195,113.89756,17.16843
