feature_name,mz,rt,metabolite_annotation,adducts_anno,neutral_loss_annotation,ISF_anno,iso_anno,group,cor_group,check_group,user_anno
FT0001,151.0352,62.2,NA,NA,NA,,,NA,corgroup64,,
FT0002,84.9597,62.3,NA,NA,NA,,,NA,corgroup185,,
FT0003,125.9862,62.3,NA,NA,NA,,,NA,corgroup185,,
FT0004,128.0192,62.3,NA,NA,NA,,,group1,NA,,
FT0005,111.0099,62.4,NA,NA,NA,,,NA,NA,,
FT0006,110.0087,62.4,NA,NA,FT0004-H2O,,,group1,corgroup185,+,
FT0007,112.0063,62.4,NA,NA,NA,,,NA,corgroup185,,
FT0008,164.97,62.2,NA,NA,NA,,,NA,NA,,
FT0009,151.9496,62.5,NA,NA,NA,,,NA,corgroup64,,
FT0010,149.9527,62.6,NA,NA,NA,,,NA,corgroup64,,
FT0011,288.9211,64.7,NA,NA,NA,,,NA,corgroup131,,
FT0012,786.8246,65.3,NA,NA,NA,,,NA,corgroup105,,
FT0013,802.799,65.5,NA,NA,NA,,,NA,corgroup109,,
FT0014,718.8372,65.4,NA,NA,NA,,,NA,corgroup82,,
FT0015,854.8121,65.2,NA,NA,NA,,,NA,corgroup116,,
FT0016,650.8497,65.5,NA,NA,NA,,,NA,corgroup95,,
FT0017,446.8876,65.5,NA,NA,NA,,,group2,corgroup109,+,
FT0018,582.8624,65.5,NA,NA,NA,,,NA,corgroup95,,
FT0019,734.8117,65.6,NA,NA,NA,,,NA,corgroup109,,
FT0020,310.913,65.7,NA,NA,NA,,,NA,corgroup109,,
FT0021,514.875,65.6,NA,NA,NA,,,NA,corgroup105,,
FT0022,378.9002,65.6,NA,NA,NA,,,NA,corgroup109,,
FT0023,666.8241,65.6,NA,NA,NA,,,NA,corgroup82,,
FT0024,598.8365,65.7,NA,NA,NA,,,NA,corgroup105,,
FT0025,462.8616,65.7,NA,NA,NA,,,NA,corgroup109,,
FT0026,244.9242,65.7,NA,NA,NA,,,NA,NA,,
FT0027,530.849,65.7,NA,NA,NA,,,NA,corgroup82,,
FT0028,174.938,65.8,NA,NA,NA,,,NA,corgroup109,,
FT0029,242.9255,65.8,NA,NA,NA,,,NA,corgroup109,,
FT0030,692.8336,65.8,NA,NA,NA,,,NA,corgroup109,,
FT0031,394.8742,65.8,NA,NA,NA,,,NA,corgroup109,,
FT0032,106.9506,65.9,NA,NA,NA,,,NA,corgroup109,,
FT0033,258.8994,66,NA,NA,NA,,,NA,corgroup109,,
FT0034,260.8978,65.9,NA,NA,NA,,,NA,NA,,
FT0035,708.8083,66,NA,NA,NA,,,NA,corgroup82,,
FT0036,640.8211,66,NA,NA,NA,,,NA,NA,,
FT0037,274.8733,66.1,NA,NA,FT0017-C3H9O6P,,,group2,NA,,
FT0038,504.8464,66.2,NA,NA,NA,,,NA,corgroup194,,
FT0039,190.9119,66.2,NA,NA,NA,,,NA,corgroup254,,
FT0040,122.9245,66.3,NA,NA,NA,,,NA,corgroup82,,
FT0041,436.8588,66.3,NA,NA,NA,,,group3,NA,,
FT0042,420.8848,66.2,NA,NA,NA,,,group4,corgroup235,+,
FT0043,572.8336,66.2,NA,NA,NA,,,NA,corgroup116,,
FT0044,659.9853,66.5,NA,NA,NA,,,NA,corgroup235,,
FT0045,368.8714,66.4,NA,NA,NA,,,NA,corgroup116,,
FT0046,266.8419,66.7,NA,NA,NA,,,NA,corgroup116,,
FT0047,250.8679,66.7,NA,NA,NA,,,NA,corgroup49,,
FT0048,232.8966,66.7,NA,NA,NA,,,NA,corgroup131,,
FT0049,264.8444,66.8,NA,NA,FT0041-C3H9O6P,,,group3,corgroup49,+,
FT0050,216.9226,66.8,NA,NA,NA,,,NA,corgroup131,,
FT0051,248.8705,66.8,NA,NA,FT0042-C3H9O6P,,,group4,corgroup116,+,
FT0052,234.8939,66.8,NA,NA,NA,,,NA,corgroup194,,
FT0053,112.8957,67.4,NA,NA,NA,,,NA,corgroup116,,
FT0054,96.9217,67.4,NA,NA,NA,,,NA,corgroup96,,
FT0055,114.893,67.4,NA,NA,NA,,,NA,corgroup131,,
FT0056,98.919,67.5,NA,NA,NA,,,NA,corgroup254,,
FT0057,164.9299,67.6,NA,NA,NA,,,NA,corgroup109,,
FT0058,180.9039,67.6,NA,NA,NA,,,NA,corgroup237,,
FT0059,196.8778,67.7,NA,NA,NA,,,NA,corgroup109,,
FT0060,142.948,67.8,NA,NA,NA,,,NA,NA,,
FT0061,238.8625,67.8,NA,NA,NA,,,NA,corgroup105,,
FT0062,192.0243,69.8,NA,NA,NA,,,NA,corgroup96,,
FT0063,150.1124,70,NA,NA,NA,,,NA,NA,,
FT0064,186.0163,70,NA,NA,NA,,,NA,corgroup249,,
FT0065,98.9842,70.4,NA,NA,NA,,,NA,corgroup24,,
FT0066,170.0424,70.4,NA,NA,NA,,,NA,corgroup237,,
FT0067,216.0631,70.7,NA,NA,FT0078-trimethylamine,,,group5,corgroup25,+,
FT0068,247.0577,70.9,NA,NA,NA,,,NA,NA,,
FT0069,104.0706,71.3,NA,NA,FT0072-CO2; FT0073-CH3COOH; FT0077-HCN+CO,,,group6,NA,,
FT0070,84.0445,71.3,NA,NA,FT0071-HCOOH(H2+CO2 or H2O+CO); FT0074-H2O,,,group6,corgroup115,+,
FT0071,130.0499,71.4,NA,NA,FT0072-H2O,,,group6,corgroup25,,
FT0072,148.0604,71.5,NA,NA,NA,,,group6,corgroup115,+,
FT0073,164.0918,71.8,NA,NA,NA,,,group6,corgroup249,,
FT0074,102.0549,71.7,NA,NA,FT0071-CO; FT0072-HCOOH(H2+CO2 or H2O+CO); FT0077-Methyl isocyanate,,,group6,NA,,
FT0075,391.1823,71.9,NA,NA,NA,,,NA,corgroup24,,
FT0076,176.103,72,NA,NA,NA,,,group6,corgroup24,,
FT0077,159.0764,72,NA,NA,FT0076-NH3,,,group6,corgroup115,+,
FT0078,275.135,72.2,NA,NA,NA,,,group5,NA,,
FT0079,196.0949,72.4,NA,NA,NA,,,NA,NA,,
FT0080,112.9998,72.4,NA,NA,NA,,,NA,NA,,
FT0081,161.092,74,NA,NA,NA,,,group7,corgroup157,+,
FT0082,427.0949,74.3,NA,NA,NA,,,NA,NA,,
FT0083,214.0513,74.4,NA,NA,NA,,,NA,corgroup157,,
FT0084,204.0866,74.8,NA,NA,NA,,,NA,NA,,
FT0085,116.0706,75,NA,NA,FT0081-NH3+CO or HCN+H2O,,,group7,corgroup120,+,
FT0086,608.0884,75.1,NA,NA,NA,,,NA,corgroup120,,
FT0087,134.027,76.3,NA,NA,NA,,,NA,NA,,
FT0088,403.1933,76.3,NA,NA,NA,,,NA,corgroup34,,
FT0089,533.1042,77.1,NA,NA,NA,,,NA,NA,,
FT0090,324.0591,76.8,NA,NA,NA,,,NA,corgroup34,,
FT0091,112.0505,76.9,NA,NA,NA,,,NA,NA,,
FT0092,233.1132,77,NA,NA,FT0094-CO2,,,group8,NA,,
FT0093,241.0819,77.5,NA,NA,FT0095-H2O,,,group8,NA,,
FT0094,277.1031,77.5,NA,NA,NA,,,group8,corgroup34,+,
FT0095,259.0925,77.5,NA,NA,FT0094-H2O,,,group8,corgroup34,+,
FT0096,301.1143,79.3,NA,NA,NA,,,NA,corgroup7,,
FT0097,347.025,80.8,NA,NA,NA,,,NA,NA,,
FT0098,531.2517,80.3,NA,NA,NA,,,NA,NA,,
FT0099,325.0431,80.7,NA,NA,NA,,,NA,corgroup7,,
FT0100,231.6135,81.6,NA,NA,NA,,,NA,NA,,
FT0101,242.5621,82.2,NA,NA,NA,,,NA,NA,,
FT0102,191.0484,83.2,NA,NA,NA,,,NA,corgroup117,,
FT0103,118.0862,83.7,NA,NA,FT0105-CO2,FT0130_MS2 match,,group9,corgroup129,+,
FT0104,484.1163,83.8,NA,NA,FT0116-Pyroglutamic acid,,,group10,corgroup129,+,
FT0105,162.076,84,NA,NA,NA,,,group9,corgroup129,+,
FT0106,130.0498,84.1,NA,NA,FT0105-CH3OH; FT0119-CysGly(pos),,,group9,corgroup10,,
FT0107,308.064,84.6,NA,NA,FT0121-CH2CO,,,group11,corgroup129,+,
FT0108,146.0923,84.9,NA,NA,NA,,,NA,NA,,
FT0109,316.1615,85,NA,NA,FT0136-Glutathione,,,group12,corgroup60,+,
FT0110,112.0505,85.1,NA,NA,NA,,,NA,NA,,
FT0111,542.0681,85.2,NA,NA,NA,,,NA,corgroup47,,
FT0112,150.0583,85.2,NA,NA,NA,,,group9,corgroup129,+,
FT0113,388.1349,85.2,NA,NA,FT0114-H2O,,,group13,corgroup69,+,
FT0114,406.1456,85.2,NA,NA,FT0126-Pyroglutamic acid,,,group13,corgroup129,+,
FT0115,332.5619,85.3,NA,NA,NA,,,NA,corgroup47,,
FT0116,613.1589,85.3,NA,NA,NA,,,group10,corgroup129,+,
FT0117,124.0393,85.3,NA,NA,NA,,,NA,corgroup267,,
FT0118,307.0833,85.3,NA,NA,FT0153-benzene,,,group9,corgroup129,+,
FT0119,308.0907,85.4,NA,NA,FT0153-phenyl radical,,,group9,corgroup136,,
FT0120,364.0652,85.4,NA,NA,NA,,,NA,corgroup60,,
FT0121,350.0749,85.4,NA,NA,NA,,,group11,corgroup103,+,
FT0122,721.2996,85.4,NA,NA,NA,,,NA,corgroup129,,
FT0123,663.2242,85.4,NA,NA,NA,,,NA,corgroup129,,
FT0124,79.0213,85.4,NA,NA,FT0112-dehydroalanine; FT0143-NO2+CO; FT0144-CH3Cl,Precursor; FT0124_MS2 match; FT0129_MS2 match; FT0130_MS2 match; FT0155_MS2 match,,group9,corgroup129,+,
FT0125,348.0704,85.4,NA,NA,NA,,,NA,corgroup129,,
FT0126,535.1881,85.4,NA,NA,NA,,,group13,corgroup136,+,
FT0127,113.0346,85.3,NA,NA,NA,,,NA,NA,,
FT0128,81.0171,85.4,NA,NA,NA,FT0129_MS2 match,,group9,corgroup129,+,
FT0129,157.0351,85.4,NA,NA,NA,Precursor,,group9,corgroup129,+,
FT0130,152.0706,85.4,L-(+)-Alpha-Phenylglycine [M+H]+,[M+H]+ 151.0633,NA,Precursor,,group9,corgroup129,+,
FT0131,664.1163,85.4,NA,NA,FT0133-CH2OH,,,group14,corgroup136,+,
FT0132,133.0317,85.4,NA,NA,FT0112-NH3,,,group9,corgroup267,,
FT0133,695.1329,85.4,NA,NA,NA,,,group14,corgroup117,+,
FT0134,135.0441,85.4,NA,[M+H-NH3]+ 151.0633,FT0130-NH3,Precursor; FT0134_MS2 match,,group9,corgroup129,+,
FT0135,136.0617,85.4,NA,NA,NA,,,group9,corgroup47,,
FT0136,623.2449,85.4,NA,NA,NA,,,group12,NA,,
FT0137,106.0651,85.5,NA,[M+H-CH2O2]+ 151.0633,FT0130-HCOOH(H2+CO2 or H2O+CO); FT0135-NO; FT0140-NO2,FT0141_MS2 match,,group9,NA,,
FT0138,332.0754,85.5,NA,NA,NA,,,NA,corgroup69,,
FT0139,139.0501,85.4,NA,NA,NA,,,NA,corgroup129,,
FT0140,152.0564,85.4,NA,NA,NA,,,group9,corgroup136,,
FT0141,107.0491,85.5,NA,NA,FT0130-NH3+CO or HCN+H2O; FT0134-CO; FT0156-NO,Precursor; FT0134_MS2 match,,group9,corgroup129,+,
FT0142,144.9879,85.6,NA,NA,NA,,,NA,corgroup129,,
FT0143,153.01,85.6,NA,NA,NA,,,group9,corgroup129,+,
FT0144,129.0129,85.6,NA,NA,FT0119-C6H13NO5,,,group9,corgroup10,,
FT0145,145.9867,85.6,NA,NA,NA,,,NA,corgroup129,,
FT0146,123.0553,85.6,NA,NA,FT0107-C3H8NO6P,,,group11,corgroup47,+,
FT0147,101.0031,85.6,NA,NA,NA,,,NA,corgroup129,,
FT0148,139.0129,85.7,NA,NA,NA,,,NA,corgroup129,,
FT0149,137.0017,85.7,NA,NA,NA,,,NA,corgroup129,,
FT0150,464.1332,85.3,NA,NA,NA,,,NA,corgroup103,,
FT0151,1011.1796,85.4,NA,NA,NA,,,NA,corgroup103,,
FT0152,146.007,85.8,NA,NA,NA,,,NA,corgroup129,,
FT0153,385.1288,86.1,NA,NA,NA,,,group9,NA,,
FT0154,97.9947,85.9,NA,NA,FT0144-CH2OH,FT0130_MS2 match,,group9,corgroup129,+,
FT0155,256.9598,85.7,NA,NA,NA,Precursor,,group9,NA,,
FT0156,137.0459,87,NA,NA,FT0130-CH3,,,group9,NA,,
FT0157,194.9902,90.1,NA,NA,NA,,,NA,corgroup90,,
FT0158,308.091,94.7,NA,NA,NA,,,NA,corgroup9,,
FT0159,406.1455,95,NA,NA,NA,,,NA,corgroup9,,
FT0160,135.044,90.1,NA,NA,NA,Precursor; FT0160_MS2 match,,group15,corgroup90,+,
FT0161,152.0706,93.5,L-(+)-Alpha-Phenylglycine [M+H]+,[M+H]+ 151.0633,NA,,,group16,NA,,
FT0162,372.545,101.7,NA,NA,NA,,,NA,NA,,
FT0164,428.0365,112,NA,NA,NA,,,NA,NA,,
FT0165,137.0458,112.5,NA,NA,NA,,,NA,corgroup228,,
FT0166,123.0552,112.6,NA,NA,NA,,,NA,NA,,
FT0167,664.1161,112.6,NA,NA,NA,,,NA,NA,,
FT0168,332.5619,112.7,NA,NA,NA,,,NA,corgroup228,,
FT0169,542.0682,112.9,NA,NA,NA,,,NA,NA,,
FT0170,535.188,117.3,NA,NA,NA,,,NA,NA,,
FT0171,132.1019,122.7,NA,NA,NA,,,group17,corgroup20,+,
FT0172,86.0965,123.1,NA,NA,FT0171-HCOOH(H2+CO2 or H2O+CO),,,group17,corgroup182,+,
FT0173,307.0833,124.3,NA,NA,NA,,,NA,corgroup182,,
FT0174,308.0841,124.2,NA,NA,NA,,,NA,NA,,
FT0175,153.0406,125.2,NA,NA,NA,,,group18,corgroup20,,
FT0176,136.0757,126.1,NA,NA,FT0177-HCOOH(H2+CO2 or H2O+CO),,,group18,corgroup162,+,
FT0177,182.0812,126.2,NA,[M+NH4]+ 164.0473,NA,,,group18,corgroup162,+,
FT0178,119.0491,126.3,NA,[M+H-CH2O2]+ 164.0473,FT0176-NH3; FT0179-HCOOH(H2+CO2 or H2O+CO); FT0180-CO,,,group18,corgroup31,,
FT0179,165.0546,126.3,p-Coumaric Acid [M+H]+,[M+H]+ 164.0473,FT0177-NH3,,,group18,corgroup162,+,
FT0180,147.044,126.5,NA,[M+H-H2O]+ 164.0473,FT0179-H2O,,,group18,corgroup31,,
FT0181,123.044,126.4,NA,NA,FT0175-NO; FT0179-CH2CO,,,group18,corgroup162,+,
FT0182,288.0647,162.4,NA,NA,NA,,,NA,NA,,
FT0183,173.0784,184.6,NA,NA,NA,,,NA,NA,,
FT0184,149.0597,220.8,NA,NA,FT0186-NH3,,,group19,NA,,
FT0185,103.0542,221.2,NA,NA,FT0184-HCOOH(H2+CO2 or H2O+CO); FT0187-NH3,,,group19,NA,,
FT0186,166.0863,221.4,NA,NA,NA,,,group19,corgroup61,+,
FT0187,120.0808,221.5,NA,NA,FT0186-HCOOH(H2+CO2 or H2O+CO),,,group19,corgroup61,+,
FT0188,276.1078,241.8,NA,NA,NA,,,NA,NA,,
FT0189,311.1237,316.7,NA,NA,NA,,,NA,NA,,
FT0190,501.1689,319.9,NA,NA,NA,,,NA,corgroup62,,
FT0191,479.187,320.3,NA,NA,NA,,,NA,corgroup62,,
FT0192,609.6584,329.5,NA,NA,NA,,,NA,NA,,
FT0193,616.6513,329.7,NA,NA,NA,,,NA,NA,,
FT0194,608.6682,329.4,NA,NA,NA,,,NA,NA,,
FT0195,597.6779,329.6,NA,NA,NA,,,NA,NA,,
FT0196,217.1046,336.5,NA,NA,NA,Precursor; FT0196_MS2 match,,group20,corgroup259,+,
FT0197,195.1226,336.6,NA,NA,NA,,,NA,corgroup259,,
FT0198,376.154,339.4,NA,NA,NA,,,NA,NA,,
FT0199,525.1825,342.4,NA,NA,NA,,,NA,NA,,
FT0200,120.0443,342.4,NA,NA,NA,,,NA,NA,,
FT0201,367.6406,353.8,NA,NA,NA,,,NA,NA,,
FT0202,344.1003,359.6,NA,NA,NA,,,NA,NA,,
FT0203,334.1322,359.6,NA,NA,NA,,,NA,corgroup149,,
FT0204,667.2567,359.6,NA,NA,NA,,,NA,corgroup149,,
FT0205,188.0705,364.2,NA,NA,FT0206-NH3,,,group21,corgroup77,+,
FT0206,205.0972,364.3,NA,NA,NA,,,group21,corgroup77,+,
FT0207,151.0754,378.6,NA,NA,NA,,,NA,NA,,
FT0208,261.1309,379.5,NA,NA,,Precursor; FT0208_MS2 match,,group22,corgroup209,+,
FT0209,239.149,379.6,NA,NA,NA,,,NA,corgroup209,,
FT0210,298.0968,379.8,NA,NA,NA,,,NA,NA,,
FT0211,223.0535,382.7,NA,NA,NA,,,NA,NA,,
FT0212,211.0866,385.8,NA,NA,NA,,,NA,NA,,
FT0213,553.1773,386.6,NA,NA,NA,,,NA,NA,,
FT0214,295.1288,400,NA,NA,NA,,,NA,NA,,
FT0215,305.1569,408.7,NA,NA,NA,Precursor; FT0215_MS2 match,,group23,corgroup155,+,
FT0216,283.175,408.6,NA,NA,NA,,,NA,corgroup155,,
FT0217,148.0617,418.4,NA,NA,NA,Precursor; FT0217_MS2 match; FT0218_MS2 match,,group24,corgroup187,+,
FT0218,216.088,418.6,Kinetin [M+H]+,[M+H]+ 215.0807,NA,Precursor; FT0218_MS2 match,,group24,corgroup187,+,
FT0219,457.1117,429.7,NA,NA,NA,,,NA,NA,,
FT0220,195.0877,436.4,NA,NA,NA,,,NA,NA,,
FT0221,217.0696,436.4,NA,NA,NA,,,NA,NA,,
FT0222,291.1453,446.5,Trimetoprim [M+H]+,[M+H]+ 290.1379,NA,Precursor; FT0222_MS2 match,,group25,NA,,
FT0223,261.0983,446.6,NA,NA,NA,Precursor; FT0222_MS2 match; FT0223_MS2 match,,group25,NA,,
FT0224,348.5771,489.7,NA,NA,NA,,[2][M+1]2+,group26,corgroup110,+,
FT0225,203.0017,490,NA,NA,NA,FT0229_MS2 match; FT0235_MS2 match; FT0237_MS2 match; FT0238_MS2 match; FT0243_MS2 match; FT0244_MS2 match; FT0245_MS2 match; FT0248_MS2 match,,group26,corgroup110,+,
FT0226,275.0571,489.8,NA,NA,NA,Precursor,,group26,NA,,
FT0227,499.0961,490,NA,NA,FT0230-H2O,FT0230_MS2 match; FT0241_MS2 match; FT0247_MS2 match,,group26,corgroup110,+,
FT0228,515.1184,489.7,NA,NA,FT0231-H2S,,,group26,corgroup110,+,
FT0229,348.0753,489.7,NA,NA,NA,Precursor,[2][M]2+,group26,corgroup110,+,
FT0230,517.1074,489.8,NA,NA,NA,Precursor; FT0241_MS2 match; FT0247_MS2 match,,group26,corgroup110,+,
FT0231,549.1065,489.8,NA,NA,NA,,,group26,corgroup110,+,
FT0232,119.0491,489.9,NA,[M+H-CH2O2]+ 164.0473,FT0234-HCOOH(H2+CO2 or H2O+CO); FT0236-CO,Precursor; FT0229_MS2 match; FT0230_MS2 match; FT0232_MS2 match; FT0234_MS2 match; FT0235_MS2 match; FT0236_MS2 match; FT0237_MS2 match; FT0241_MS2 match; FT0247_MS2 match; FT0248_MS2 match,,group26,corgroup110,+,
FT0233,187.0366,489.9,p-Coumaric Acid [M+Na]+,[M+Na]+ 164.0473,NA,FT0229_MS2 match,,group26,corgroup110,+,
FT0234,165.0546,489.9,p-Coumaric Acid [M+H]+,[M+H]+ 164.0473,NA,Precursor; FT0229_MS2 match; FT0234_MS2 match; FT0237_MS2 match,,group26,corgroup110,+,
FT0235,547.0671,489.9,NA,NA,NA,Precursor,,group26,corgroup110,+,
FT0236,147.044,489.9,NA,[M+H-H2O]+ 164.0473,FT0234-H2O,Precursor; FT0226_MS2 match; FT0229_MS2 match; FT0230_MS2 match; FT0234_MS2 match; FT0235_MS2 match; FT0236_MS2 match; FT0237_MS2 match; FT0241_MS2 match; FT0243_MS2 match; FT0244_MS2 match; FT0247_MS2 match; FT0248_MS2 match,,group26,corgroup110,+,
FT0237,430.099,490,NA,NA,NA,Precursor,,group26,corgroup110,+,
FT0238,695.1432,490,NA,NA,NA,Precursor,,group26,corgroup110,+,
FT0239,91.0542,490.1,NA,NA,FT0232-CO; FT0236-CO+CO,Precursor; FT0229_MS2 match; FT0230_MS2 match; FT0232_MS2 match; FT0234_MS2 match; FT0235_MS2 match; FT0236_MS2 match; FT0239_MS2 match,,group26,corgroup110,+,
FT0240,537.1132,490.1,NA,NA,NA,,,NA,corgroup110,,
FT0241,681.1558,490.1,NA,NA,NA,Precursor,,group26,corgroup110,+,
FT0242,424.0475,489.9,NA,NA,NA,,,group26,NA,,
FT0243,383.0209,490.2,NA,NA,NA,Precursor; FT0235_MS2 match,,group26,corgroup110,+,
FT0244,531.0959,490.2,NA,NA,FT0231-H2O,Precursor,,group26,corgroup110,+,
FT0245,367.0487,490.3,NA,NA,FT0242-CO+CO+H; FT0250-H2O,Precursor; FT0229_MS2 match; FT0235_MS2 match; FT0237_MS2 match; FT0238_MS2 match; FT0244_MS2 match; FT0248_MS2 match,,group26,corgroup110,+,
FT0246,443.1053,490.3,NA,NA,FT0227-CO+CO; FT0244-NO+NO+CO,,,group26,corgroup233,,
FT0247,679.1656,490.3,NA,NA,NA,Precursor,,group26,corgroup110,+,
FT0248,546.0607,490.3,NA,NA,NA,Precursor,,group26,corgroup110,+,
FT0249,445.1029,490.4,NA,NA,NA,,,NA,NA,,
FT0250,385.0592,490.4,NA,NA,NA,FT0229_MS2 match; FT0235_MS2 match; FT0237_MS2 match; FT0238_MS2 match; FT0244_MS2 match; FT0248_MS2 match,,group26,corgroup110,+,
FT0251,266.052,490.7,NA,[3M+H+K]2+ 164.0473,NA,,,group26,corgroup233,,
FT0252,365.0104,490.2,NA,NA,FT0243-H2O,FT0235_MS2 match; FT0248_MS2 match,,group26,corgroup110,+,
FT0253,371.0705,490.8,NA,NA,NA,FT0230_MS2 match; FT0241_MS2 match; FT0247_MS2 match,,group26,NA,,
FT0254,245.5915,497.4,NA,NA,NA,,,NA,NA,,
FT0255,116.5177,505.9,NA,NA,NA,,,NA,NA,,
FT0256,375.0656,506,NA,NA,NA,,,group27,NA,,
FT0257,495.0962,505,NA,NA,NA,Precursor,,group27,corgroup238,,
FT0258,181.0335,505.8,NA,NA,NA,FT0297_MS2 match,,group27,NA,,
FT0259,135.5893,506.3,NA,NA,NA,,,NA,NA,,
FT0260,347.0708,505.8,NA,NA,FT0256-CO,FT0299_MS2 match,,group27,corgroup91,+,
FT0261,501.0659,506.4,NA,NA,NA,,,NA,corgroup91,,
FT0262,135.1666,506.3,NA,NA,NA,FT0295_MS2 match,,group27,corgroup91,+,
FT0263,135.0441,506,NA,[M+H-H2O]+ 152.0473,FT0286-H2O,Precursor; FT0257_MS2 match; FT0263_MS2 match; FT0264_MS2 match; FT0271_MS2 match; FT0282_MS2 match; FT0283_MS2 match; FT0286_MS2 match; FT0295_MS2 match; FT0297_MS2 match; FT0299_MS2 match; FT0301_MS2 match,,group27,corgroup91,+,
FT0264,359.0213,506.1,NA,NA,NA,Precursor; FT0301_MS2 match,,group27,corgroup91,+,
FT0265,172.0282,506.1,NA,[2M+H+K]2+ 152.0473,NA,,,group27,NA,,
FT0266,332.0621,506.3,NA,NA,NA,,,NA,corgroup91,,
FT0267,177.0417,506.3,NA,NA,NA,,,group27,corgroup91,+,
FT0268,135.111,506.3,NA,NA,NA,FT0295_MS2 match,,group27,corgroup91,+,
FT0269,105.0335,506.5,NA,NA,FT0263-formaldehyde,FT0263_MS2 match; FT0286_MS2 match; FT0295_MS2 match,,group27,corgroup91,+,
FT0270,191.0098,506.2,NA,[M+K]+ 152.0473,NA,,,group27,corgroup91,+,
FT0271,327.0839,506.2,NA,[2M+Na]+ 152.0473,NA,Precursor,,group27,corgroup91,+,
FT0272,343.0489,506.2,NA,NA,FT0302-H2O,FT0257_MS2 match; FT0297_MS2 match,,group27,corgroup91,+,
FT0273,135.1577,506.3,NA,NA,NA,FT0286_MS2 match; FT0295_MS2 match,,group27,corgroup91,+,
FT0274,241.0624,506.4,NA,NA,NA,,,NA,corgroup91,,
FT0275,317.0845,506.3,NA,NA,NA,,,NA,corgroup91,,
FT0276,175.0366,506.3,2-Methoxybenzoic Acid [M+Na]+,[M+Na]+ 152.0473,NA,FT0271_MS2 match; FT0297_MS2 match,,group27,corgroup91,+,
FT0277,135.0246,506.3,NA,NA,NA,FT0286_MS2 match; FT0295_MS2 match,,group27,corgroup91,+,
FT0278,240.0631,506.3,NA,NA,NA,,,group27,corgroup91,+,
FT0279,153.2219,506.4,NA,NA,NA,,,NA,corgroup238,,
FT0280,135.4539,506.3,NA,NA,NA,,,NA,NA,,
FT0281,256.0381,506.3,NA,NA,NA,,,NA,corgroup91,,
FT0282,248.0519,506.3,NA,[3M+H+K]2+ 152.0473,NA,Precursor; FT0297_MS2 match,,group27,corgroup91,+,
FT0283,257.0572,506.3,NA,NA,NA,Precursor,,group27,corgroup91,+,
FT0284,511.0667,506.3,NA,NA,NA,,,NA,corgroup91,,
FT0285,170.0811,506.4,NA,[M+NH4]+ 152.0473,NA,,,group27,NA,,
FT0286,153.0546,506.3,2-Methoxybenzoic Acid [M+H]+,[M+H]+ 152.0473,FT0285-NH3,Precursor; FT0283_MS2 match; FT0286_MS2 match; FT0295_MS2 match; FT0297_MS2 match,,group27,corgroup91,+,
FT0287,135.2014,506.3,NA,NA,NA,FT0286_MS2 match; FT0295_MS2 match,,group27,corgroup91,+,
FT0288,316.0868,506.3,NA,NA,FT0300-acetylcysteine,,,group28,corgroup91,+,
FT0289,135.3318,506.4,NA,NA,NA,FT0286_MS2 match; FT0295_MS2 match,,group27,corgroup91,+,
FT0290,120.0206,506.4,NA,NA,FT0263-CH3; FT0267-Methyl isocyanate; FT0278-C4H8O4,FT0263_MS2 match; FT0286_MS2 match; FT0295_MS2 match,,group27,corgroup91,+,
FT0291,153.3605,506.2,NA,NA,NA,,,NA,corgroup238,,
FT0292,107.0493,506.3,NA,[M+H-CH2O2]+ 152.0473,FT0263-CO; FT0286-HCOOH(H2+CO2 or H2O+CO),FT0263_MS2 match; FT0286_MS2 match; FT0295_MS2 match,,group27,corgroup91,+,
FT0293,77.0387,506.4,NA,NA,FT0263-C2H2O2; FT0269-CO; FT0292-formaldehyde; FT0296-NO2+NO2+CO,FT0263_MS2 match; FT0264_MS2 match; FT0283_MS2 match; FT0286_MS2 match; FT0295_MS2 match; FT0297_MS2 match; FT0299_MS2 match; FT0301_MS2 match,,group27,corgroup91,+,
FT0294,135.3172,506.4,NA,NA,NA,FT0286_MS2 match; FT0295_MS2 match,,group27,corgroup91,+,
FT0295,305.1021,506.4,NA,[2M+H]+ 152.0473,NA,Precursor,,group27,corgroup91,+,
FT0296,197.0185,506.4,NA,NA,NA,,,group27,corgroup91,+,
FT0297,324.0756,506.4,NA,NA,NA,Precursor,,group27,corgroup91,+,
FT0298,92.0257,506.4,NA,NA,FT0290-CO; FT0292-CH3,Precursor; FT0263_MS2 match; FT0286_MS2 match; FT0295_MS2 match; FT0298_MS2 match; FT0299_MS2 match,,group27,corgroup91,+,
FT0299,481.1076,506.5,NA,NA,NA,Precursor; FT0299_MS2 match,,group27,corgroup91,+,
FT0300,479.1186,506.5,NA,NA,NA,,,group28,corgroup91,+,
FT0301,510.0609,506.6,NA,NA,NA,Precursor,,group27,corgroup91,+,
FT0302,361.0596,506.1,NA,NA,NA,FT0257_MS2 match; FT0297_MS2 match,,group27,NA,,
FT0303,371.0478,506.4,NA,NA,NA,,,NA,NA,,
FT0304,477.1049,510.1,NA,NA,NA,,,NA,corgroup244,,
FT0305,401.0812,510.4,NA,NA,NA,Precursor,,group29,corgroup244,,
FT0306,409.0676,510.1,NA,NA,NA,,,NA,corgroup244,,
FT0307,787.1661,510.1,NA,NA,NA,,,NA,corgroup244,,
FT0308,393.0925,510.4,NA,NA,NA,,,NA,corgroup244,,
FT0309,630.1339,511.7,NA,[2M+H+K]2+ 610.1534,NA,,,group29,corgroup138,+,
FT0310,1243.2956,511.9,NA,[2M+Na]+ 610.1534,NA,Precursor,,group29,corgroup141,,
FT0311,465.1024,511.9,NA,NA,FT0313-Anhydro-deoxyhexose,,,group29,corgroup138,+,
FT0312,303.0499,511.8,Quercetin [M+H]+,[M+H]+ 302.0427,FT0311-Anhydrohexose,Precursor; FT0305_MS2 match; FT0310_MS2 match; FT0312_MS2 match; FT0313_MS2 match; FT0315_MS2 match; FT0316_MS2 match,,group29,corgroup138,+,
FT0313,611.1608,511.9,Rutin [M+H]+,[M+H]+ 610.1534,NA,Precursor,,group29,corgroup138,+,
FT0314,829.1768,512.4,NA,NA,NA,,,NA,corgroup141,,
FT0315,633.1426,512.7,Rutin [M+Na]+,[M+Na]+ 610.1534,NA,Precursor; FT0310_MS2 match; FT0315_MS2 match,,group29,corgroup138,+,
FT0316,422.0865,513.3,NA,NA,NA,Precursor,,group29,corgroup138,+,
FT0317,162.0311,515.8,NA,NA,FT0318-Methyl isocyanate; FT0321-CH3; FT0336-CH3OH,FT0321_MS2 match; FT0322_MS2 match,,group30,NA,,
FT0318,219.0525,515.5,NA,NA,NA,,,group30,corgroup152,+,
FT0319,637.0992,515.5,NA,NA,NA,Precursor,,group30,corgroup152,+,
FT0320,217.0472,515.6,Trans-Ferulic Acid [M+Na]+,[M+Na]+ 194.0579,FT0335-H2O,FT0337_MS2 match,,group30,corgroup152,+,
FT0321,177.0547,515.6,NA,[M+H-H2O]+ 194.0579,FT0322-H2O; FT0336-OH,Precursor; FT0319_MS2 match; FT0321_MS2 match; FT0322_MS2 match; FT0331_MS2 match; FT0333_MS2 match; FT0337_MS2 match; FT0338_MS2 match; FT0340_MS2 match; FT0342_MS2 match; FT0344_MS2 match,,group30,corgroup152,+,
FT0322,195.0653,515.6,Trans-Ferulic Acid [M+H]+,[M+H]+ 194.0579,NA,Precursor; FT0322_MS2 match; FT0331_MS2 match; FT0337_MS2 match; FT0340_MS2 match,,group30,corgroup152,+,
FT0323,145.0284,515.7,NA,NA,FT0317-OH; FT0321-CH3OH,Precursor; FT0319_MS2 match; FT0321_MS2 match; FT0322_MS2 match; FT0333_MS2 match; FT0337_MS2 match; FT0338_MS2 match; FT0340_MS2 match; FT0342_MS2 match,,group30,corgroup152,+,
FT0324,134.0362,515.7,NA,NA,FT0317-CO; FT0327-CH3; FT0336-CH3COOH,FT0321_MS2 match; FT0322_MS2 match; FT0323_MS2 match,,group30,corgroup152,+,
FT0325,89.0387,515.7,NA,NA,FT0323-CO+CO; FT0324-COOH; FT0326-CO; FT0327-CH3COOH,FT0321_MS2 match; FT0322_MS2 match; FT0323_MS2 match; FT0326_MS2 match; FT0327_MS2 match; FT0333_MS2 match; FT0337_MS2 match,,group30,corgroup152,+,
FT0326,117.0335,515.7,NA,NA,FT0317-COOH; FT0321-CH3COOH; FT0323-CO; FT0324-OH; FT0327-CH3OH,Precursor; FT0319_MS2 match; FT0321_MS2 match; FT0322_MS2 match; FT0323_MS2 match; FT0327_MS2 match; FT0333_MS2 match; FT0337_MS2 match; FT0338_MS2 match; FT0340_MS2 match,,group30,corgroup152,+,
FT0327,149.0597,515.7,NA,[M+H-CH2O2]+ 194.0579,FT0321-CO; FT0322-HCOOH(H2+CO2 or H2O+CO); FT0336-COOH,Precursor; FT0321_MS2 match; FT0322_MS2 match; FT0323_MS2 match; FT0333_MS2 match,,group30,corgroup152,+,
FT0328,443.0417,515.7,NA,NA,NA,FT0319_MS2 match,,group30,corgroup152,+,
FT0329,799.2081,515.7,NA,NA,NA,,,NA,corgroup152,,
FT0330,801.1986,515.7,NA,NA,NA,,,NA,corgroup152,,
FT0331,815.1858,515.7,NA,NA,NA,Precursor,,group30,corgroup152,+,
FT0332,411.1048,515.8,NA,[2M+Na]+ 194.0579,NA,,,group30,corgroup152,+,
FT0333,607.1393,515.8,NA,NA,NA,Precursor,,group30,corgroup152,+,
FT0334,627.1449,515.8,NA,NA,NA,,,NA,corgroup152,,
FT0335,235.0576,515.9,NA,NA,NA,,,group30,corgroup152,+,
FT0336,194.0573,515.9,NA,[M]+ 194.0579,NA,FT0322_MS2 match,,group30,corgroup152,+,
FT0337,408.0966,516,NA,NA,NA,Precursor,[3][M]+,group30,corgroup152,+,
FT0338,636.0927,516,NA,NA,NA,Precursor,,group30,corgroup152,+,
FT0339,627.0978,516,NA,NA,NA,,,NA,corgroup221,,
FT0340,505.1255,516,NA,NA,NA,Precursor,,group30,corgroup152,+,
FT0341,605.1502,516,NA,NA,FT0345-H2S,,,group31,corgroup152,+,
FT0342,830.1505,516.1,NA,NA,NA,Precursor,,group30,corgroup221,,
FT0343,621.1277,516.1,NA,NA,FT0345-H2O,,,group31,corgroup152,+,
FT0344,427.0699,516.1,NA,NA,FT0348-CO+CO+H; FT0349-H2O,Precursor; FT0319_MS2 match; FT0331_MS2 match; FT0337_MS2 match; FT0338_MS2 match; FT0340_MS2 match,,group30,corgroup221,,
FT0345,639.1381,516.2,NA,NA,NA,,,group31,NA,,
FT0346,409.0981,516,NA,NA,NA,,[3][M+1]+,group30,corgroup221,,
FT0347,320.073,515.9,NA,NA,NA,,,NA,NA,,
FT0348,484.0686,516.1,NA,NA,NA,,,group30,corgroup221,,
FT0349,445.0805,516,NA,NA,NA,FT0319_MS2 match; FT0331_MS2 match; FT0337_MS2 match; FT0338_MS2 match; FT0340_MS2 match,,group30,NA,,
FT0350,311.0676,516.2,NA,[3M+H+K]2+ 194.0579,NA,,,group30,NA,,
FT0351,212.0895,518.8,NA,NA,NA,,,NA,corgroup221,,
FT0352,294.2274,531,NA,NA,NA,Precursor; FT0352_MS2 match,,group32,corgroup241,+,
FT0353,163.1329,531.9,NA,NA,NA,,,NA,corgroup104,,
FT0354,107.0703,532.1,NA,[M+Na+K]2+ 152.0473,NA,,,group33,NA,,
FT0355,185.1148,533.1,NA,NA,NA,,,NA,corgroup104,,
FT0356,174.0389,536.5,NA,NA,NA,FT0372_MS2 match; FT0376_MS2 match,,group34,NA,,
FT0357,146.0601,536.1,Indole-3-carboxaldehyde [M+H]+,[M+H]+ 145.0528,FT0385-C3H9O6P,Precursor; FT0357_MS2 match; FT0360_MS2 match; FT0366_MS2 match; FT0372_MS2 match; FT0373_MS2 match; FT0374_MS2 match; FT0376_MS2 match,,group34,corgroup130,+,
FT0358,145.052,536.6,NA,[M]+ 145.0528,NA,FT0372_MS2 match,,group34,corgroup130,+,
FT0359,144.0444,536.5,NA,NA,NA,FT0366_MS2 match; FT0372_MS2 match; FT0373_MS2 match,,group34,NA,,
FT0360,253.5683,536.3,NA,NA,FT0376-Pyroglutamic acid,Precursor,,group34,corgroup130,+,
FT0361,146.6267,536.3,NA,NA,NA,,,NA,corgroup101,,
FT0362,165.0336,536.3,NA,[2M+H+K]2+ 145.0528,NA,FT0376_MS2 match,,group34,corgroup130,+,
FT0363,310.0864,536.3,NA,NA,NA,Precursor; FT0376_MS2 match,,group34,corgroup130,+,
FT0364,146.1874,536.4,NA,NA,NA,,,NA,corgroup219,,
FT0365,146.344,536.4,NA,NA,NA,,,NA,corgroup219,,
FT0366,239.571,536.4,NA,NA,NA,Precursor; FT0363_MS2 match; FT0366_MS2 match; FT0373_MS2 match; FT0374_MS2 match; FT0376_MS2 match,,group34,corgroup130,+,
FT0367,146.1296,536.4,NA,NA,NA,,,NA,corgroup130,,
FT0368,91.0543,536.4,NA,NA,FT0357-HCN+CO; FT0369-HCN,Precursor; FT0357_MS2 match; FT0368_MS2 match; FT0369_MS2 match; FT0372_MS2 match; FT0373_MS2 match,,group34,corgroup130,+,
FT0369,118.0651,536.4,NA,NA,FT0357-CO,Precursor; FT0357_MS2 match; FT0360_MS2 match; FT0366_MS2 match; FT0369_MS2 match; FT0372_MS2 match; FT0373_MS2 match; FT0374_MS2 match; FT0376_MS2 match,,group34,corgroup130,+,
FT0370,146.1784,536.4,NA,NA,NA,,,NA,corgroup130,,
FT0371,146.0389,536.4,NA,NA,NA,,,NA,corgroup130,,
FT0372,245.5462,536.4,NA,NA,NA,Precursor,,group34,corgroup130,+,
FT0373,237.56,536.4,NA,[3M+H+K]2+ 145.0528,NA,Precursor; FT0376_MS2 match,,group34,corgroup130,+,
FT0374,246.5653,536.4,NA,NA,NA,Precursor; FT0376_MS2 match,,group34,corgroup130,+,
FT0375,229.5714,536.6,NA,NA,NA,,,NA,corgroup130,,
FT0376,382.6128,536.4,NA,NA,NA,Precursor,,group34,corgroup130,+,
FT0377,146.3591,536.5,NA,NA,NA,,,NA,corgroup130,,
FT0378,302.0976,536.5,NA,NA,NA,,,NA,corgroup130,,
FT0379,240.5692,536.4,NA,[3M+2Na]2+ 145.0528,NA,FT0373_MS2 match,,group34,corgroup130,+,
FT0380,146.2239,536.5,NA,NA,NA,,,NA,corgroup130,,
FT0381,303.0949,536.5,NA,NA,NA,,,NA,corgroup130,,
FT0382,146.4866,536.5,NA,NA,NA,,,NA,corgroup101,,
FT0383,117.0573,536.5,NA,NA,FT0358-CO,FT0357_MS2 match; FT0369_MS2 match; FT0372_MS2 match; FT0373_MS2 match,,group34,corgroup130,+,
FT0384,313.0947,536.6,NA,[2M+Na]+ 145.0528,NA,,,group34,corgroup130,+,
FT0385,318.0726,536.6,NA,NA,NA,,,group34,corgroup130,+,
FT0386,168.042,536.7,Indole-3-carboxaldehyde [M+Na]+,[M+Na]+ 145.0528,NA,FT0363_MS2 match,,group34,corgroup130,+,
FT0387,135.0441,542.3,NA,NA,NA,Precursor; FT0387_MS2 match,,group35,NA,,
FT0388,153.0546,530.3,2-Methoxybenzoic Acid [M+H]+,[M+H]+ 152.0473,NA,,,group33,corgroup241,+,
FT0389,175.0366,530.5,2-Methoxybenzoic Acid [M+Na]+,[M+Na]+ 152.0473,NA,,,group33,corgroup241,+,
FT0390,243.0875,554.9,NA,NA,NA,,,group36,NA,,
FT0391,892.756,559.7,NA,NA,NA,,[9][M+1]2+,group37,NA,,
FT0392,675.1892,558.1,NA,NA,NA,,[7][M+2]2+,group38,NA,,
FT0393,927.1997,562.6,NA,NA,NA,,,NA,NA,,
FT0394,892.2543,561.6,NA,NA,NA,,[9][M]2+,group37,corgroup88,+,
FT0395,896.2654,561.3,NA,NA,NA,,[10][M+1]+,group38,corgroup100,,
FT0396,461.102,560.6,NA,NA,NA,,,NA,corgroup88,,
FT0397,151.0389,558.6,NA,NA,FT0400-H2O,FT0400_MS2 match; FT0403_MS2 match; FT0404_MS2 match; FT0406_MS2 match; FT0407_MS2 match,,group38,corgroup171,+,
FT0398,674.6877,559.5,NA,NA,NA,,[7][M+1]2+,group38,NA,,
FT0399,761.2494,558.8,NA,NA,NA,,,group38,corgroup171,+,
FT0400,169.0496,558.8,NA,NA,NA,Precursor; FT0400_MS2 match; FT0403_MS2 match; FT0404_MS2 match; FT0406_MS2 match; FT0407_MS2 match,,group38,corgroup171,+,
FT0401,419.1336,558.8,NA,[M+H-H2O]+ 436.1369,FT0404-H2O,Precursor; FT0406_MS2 match; FT0407_MS2 match,,group38,corgroup171,+,
FT0402,1035.3334,558.9,NA,NA,NA,,,group38,NA,,
FT0403,275.0915,558.9,NA,[M+H-Hexose-H2O]+ 436.1369,FT0404-Anhydrohexose; FT0411-CH2CO,Precursor; FT0403_MS2 match; FT0404_MS2 match; FT0405_MS2 match; FT0406_MS2 match; FT0407_MS2 match,,group38,corgroup171,+,
FT0404,437.1443,558.9,Phlorizin [M+H]+,[M+H]+ 436.1369,FT0406-Anhydrohexose,Precursor,,group38,corgroup171,+,
FT0405,459.1261,559,Phlorizin [M+Na]+,[M+Na]+ 436.1369,NA,Precursor; FT0405_MS2 match,,group38,corgroup171,+,
FT0406,599.1971,559,NA,NA,FT0399-Anhydrohexose,Precursor,,group38,corgroup171,+,
FT0407,873.281,559,NA,[2M+H]+ 436.1369,FT0402-Anhydrohexose,Precursor,,group38,corgroup171,+,
FT0408,711.228,558.9,NA,NA,FT0407-Anhydrohexose,,,group38,corgroup171,+,
FT0409,107.0491,559,NA,NA,FT0397-CO2; FT0410-CH2CO,Precursor; FT0401_MS2 match; FT0403_MS2 match; FT0404_MS2 match; FT0406_MS2 match; FT0407_MS2 match; FT0409_MS2 match; FT0411_MS2 match,,group38,corgroup171,+,
FT0410,149.0597,559.1,NA,NA,NA,FT0403_MS2 match; FT0404_MS2 match; FT0406_MS2 match; FT0407_MS2 match; FT0411_MS2 match,,group38,corgroup171,+,
FT0411,317.1019,559.1,NA,NA,FT0404-C4H8O4,Precursor; FT0404_MS2 match; FT0406_MS2 match; FT0407_MS2 match,,group38,corgroup171,+,
FT0412,127.039,559.2,NA,NA,FT0400-CH2CO,FT0400_MS2 match; FT0403_MS2 match; FT0404_MS2 match; FT0406_MS2 match; FT0407_MS2 match,,group38,corgroup171,+,
FT0413,456.1177,560.1,NA,[2M+H+K]2+ 436.1369,NA,FT0415_MS2 match,[4][M]2+,group38,corgroup213,,
FT0414,456.6194,561.1,NA,NA,NA,FT0418_MS2 match,[4][M+1]2+,group38,NA,,
FT0415,674.1861,561.1,NA,NA,NA,Precursor,[7][M]+,group38,corgroup213,,
FT0417,238.0493,562.1,NA,NA,NA,,,NA,corgroup213,,
FT0418,895.2623,562.3,NA,NA,NA,Precursor,[10][M]+,group38,corgroup213,,
FT0421,897.2402,563,NA,NA,NA,,,NA,corgroup100,,
FT0422,151.0966,563.7,NA,NA,NA,,,NA,corgroup208,,
FT0423,229.1411,563.6,NA,NA,NA,Precursor; FT0423_MS2 match,,group39,corgroup208,+,
FT0424,207.1592,563.7,NA,NA,NA,,,NA,corgroup208,,
FT0426,118.0651,544.5,NA,NA,NA,Precursor; FT0426_MS2 match,,group40,NA,,
FT0427,153.0547,555.8,2-Methoxybenzoic Acid [M+H]+,[M+H]+ 152.0473,FT0390-C3H6O3,,,group36,NA,,
FT0428,218.2115,570.3,NA,NA,NA,,,NA,NA,,
FT0429,273.0758,573.7,NA,NA,NA,,,NA,NA,,
FT0430,175.0366,555.1,2-Methoxybenzoic Acid [M+Na]+,[M+Na]+ 152.0473,NA,,,group36,NA,,
FT0431,234.2064,587.2,NA,NA,NA,Precursor; FT0431_MS2 match,,group41,corgroup270,+,
FT0432,251.1853,587.6,NA,NA,NA,,,NA,corgroup270,,
FT0433,171.1492,588.7,NA,NA,NA,,,NA,NA,,
FT0434,459.1259,572.7,Phlorizin [M+Na]+,[M+Na]+ 436.1369,NA,Precursor; FT0434_MS2 match,,group42,NA,,
FT0435,146.06,573.7,Indole-3-carboxaldehyde [M+H]+,[M+H]+ 145.0528,NA,,,group43,NA,,
FT0436,160.0756,612.3,NA,NA,NA,,,NA,NA,,
FT0437,593.2345,621.7,NA,NA,NA,Precursor,,group44,corgroup124,+,
FT0438,319.1028,623.7,NA,NA,NA,Precursor; FT0437_MS2 match; FT0438_MS2 match,,group44,NA,,
FT0439,867.366,621.1,NA,NA,NA,,[8][M]+,group45,corgroup153,+,
FT0440,876.3156,621.4,NA,NA,NA,,,NA,corgroup102,,
FT0441,861.3498,621.5,NA,NA,NA,Precursor,,group46,corgroup156,+,
FT0443,587.2225,621.7,NA,[2M+K]+ 274.1317,NA,Precursor; FT0441_MS2 match; FT0457_MS2 match; FT0472_MS2 match,[6][M]+,group46,corgroup156,+,
FT0444,574.2322,622.6,NA,NA,NA,,[5][M+1]+,group47,NA,,
FT0445,847.3623,622.1,NA,NA,NA,,,NA,corgroup156,,
FT0446,845.379,622.1,NA,NA,NA,,,NA,corgroup156,,
FT0447,573.2291,622.5,NA,NA,NA,,[5][M]+,group47,corgroup122,+,
FT0448,1121.494,622.6,NA,NA,NA,,,NA,corgroup156,,
FT0449,574.2607,622.7,NA,NA,NA,,,NA,corgroup156,,
FT0450,877.3215,622.7,NA,NA,NA,Precursor,,group46,corgroup156,+,
FT0451,868.369,621,NA,NA,NA,,[8][M+1]+,group45,corgroup153,+,
FT0452,294.1127,622.8,NA,[2M+H+K]2+ 274.1317,NA,,,group46,corgroup156,+,
FT0453,571.253,622.8,NA,[2M+Na]+ 274.1317,NA,Precursor,,group46,corgroup156,+,
FT0454,102.0464,623.3,NA,NA,NA,FT0455_MS2 match; FT0483_MS2 match,,group46,corgroup102,,
FT0455,275.1393,623,Indole-3-acetyl-L-valine [M+H]+,[M+H]+ 274.1317,NA,Precursor; FT0453_MS2 match; FT0455_MS2 match; FT0465_MS2 match,,group46,corgroup156,+,
FT0456,274.1311,623,NA,[M]+ 274.1317,FT0490-OH,FT0465_MS2 match,,group46,corgroup156,+,
FT0457,431.1785,623,NA,[3M+H+K]2+ 274.1317,NA,Precursor,,group46,corgroup156,+,
FT0458,302.0989,623.1,NA,NA,FT0438-OH,,,group44,corgroup156,+,
FT0459,297.1212,623.1,Indole-3-acetyl-L-valine [M+Na]+,[M+Na]+ 274.1317,NA,Precursor; FT0453_MS2 match; FT0459_MS2 match,,group46,corgroup156,+,
FT0460,1151.4522,622.9,NA,NA,NA,,,NA,corgroup122,,
FT0461,568.2442,623.2,NA,NA,NA,,,NA,corgroup156,,
FT0462,257.1287,623.3,NA,[M+H-H2O]+ 274.1317,FT0455-H2O; FT0456-OH,Precursor; FT0455_MS2 match; FT0465_MS2 match,,group46,corgroup156,+,
FT0463,278.1474,623.3,NA,NA,NA,,,NA,corgroup156,,
FT0464,275.529,623.3,NA,NA,NA,,,NA,corgroup156,,
FT0465,549.2711,623.3,NA,[2M+H]+ 274.1317,NA,Precursor,,group46,corgroup156,+,
FT0466,128.0495,623.4,NA,NA,FT0468-C6H13NO5; FT0482-formaldehyde,FT0455_MS2 match; FT0470_MS2 match; FT0483_MS2 match,,group46,corgroup156,+,
FT0467,275.0951,623.5,NA,NA,NA,,,NA,corgroup156,,
FT0468,307.1289,623.3,NA,NA,NA,,,group46,corgroup156,+,
FT0469,563.2499,623.3,NA,NA,NA,,,NA,corgroup156,,
FT0470,229.1337,623.4,NA,[M+H-CH2O2]+ 274.1317,FT0455-HCOOH(H2+CO2 or H2O+CO); FT0456-COOH; FT0462-CO; FT0493-CO2,Precursor; FT0453_MS2 match; FT0455_MS2 match; FT0457_MS2 match; FT0459_MS2 match; FT0462_MS2 match; FT0465_MS2 match; FT0470_MS2 match,,group46,corgroup156,+,
FT0471,275.3022,623.4,NA,NA,NA,FT0465_MS2 match,,group46,corgroup156,+,
FT0472,1135.4819,623.4,NA,NA,NA,Precursor,,group46,corgroup156,+,
FT0473,157.0471,623.4,NA,[M+H+K]2+ 274.1317,NA,,,group46,corgroup89,,
FT0474,549.8216,623.4,NA,NA,NA,,,NA,corgroup102,,
FT0475,275.3642,623.4,NA,NA,NA,,,NA,corgroup156,,
FT0476,275.5494,623.4,NA,NA,NA,,,NA,corgroup156,,
FT0477,275.2341,623.4,NA,NA,NA,,,NA,corgroup124,,
FT0478,275.7237,623.4,NA,NA,NA,,,NA,NA,,
FT0479,549.5901,623.4,NA,NA,NA,,,NA,corgroup156,,
FT0480,549.8499,623.4,NA,NA,NA,,,NA,corgroup89,,
FT0481,552.2795,623.3,NA,NA,NA,,,NA,corgroup156,,
FT0482,158.0601,623.5,NA,NA,NA,FT0455_MS2 match; FT0465_MS2 match; FT0470_MS2 match,,group46,corgroup156,+,
FT0483,130.0652,623.5,NA,NA,FT0482-CO; FT0490-Anhydro-aminodeoxyhexose,Precursor; FT0450_MS2 match; FT0453_MS2 match; FT0455_MS2 match; FT0457_MS2 match; FT0459_MS2 match; FT0462_MS2 match; FT0465_MS2 match; FT0470_MS2 match; FT0483_MS2 match; FT0487_MS2 match,,group46,corgroup156,+,
FT0484,603.1894,623.5,NA,NA,NA,FT0450_MS2 match,,group46,corgroup102,,
FT0485,103.0543,623.5,NA,NA,FT0482-HCN+CO; FT0483-HCN,FT0455_MS2 match; FT0462_MS2 match; FT0465_MS2 match; FT0470_MS2 match; FT0483_MS2 match,,group46,corgroup156,+,
FT0486,118.0863,623.5,NA,NA,NA,FT0453_MS2 match; FT0455_MS2 match; FT0457_MS2 match; FT0459_MS2 match; FT0465_MS2 match,,group46,corgroup156,+,
FT0487,313.0946,623.7,NA,[M+K]+ 274.1317,NA,Precursor; FT0443_MS2 match,,group46,corgroup156,+,
FT0488,547.2552,623.7,NA,NA,NA,,,NA,corgroup156,,
FT0489,821.3869,623.6,NA,NA,NA,,,NA,corgroup156,,
FT0490,291.1339,623.7,NA,NA,NA,,,group46,corgroup156,+,
FT0491,146.0601,613.7,Indole-3-carboxaldehyde [M+H]+,[M+H]+ 145.0528,NA,Precursor; FT0491_MS2 match,,group48,NA,,
FT0492,177.56,623.9,NA,NA,NA,,,NA,corgroup89,,
FT0493,273.1234,624.1,NA,NA,FT0490-H2O,,,group46,corgroup156,+,
FT0494,345.1028,624.6,NA,NA,NA,,,NA,corgroup27,,
FT0495,1119.5045,623,NA,NA,NA,,,NA,NA,,
FT0496,588.2252,622.8,NA,NA,NA,FT0441_MS2 match; FT0453_MS2 match; FT0457_MS2 match; FT0472_MS2 match,[6][M+1]+,group46,NA,,
FT0497,166.052,624.6,NA,NA,NA,,,NA,corgroup27,,
FT0498,867.3662,626.8,NA,NA,NA,,,NA,corgroup68,,
FT0499,593.2346,627.7,NA,NA,NA,Precursor,,group49,corgroup68,+,
FT0500,319.103,628.2,NA,NA,NA,Precursor; FT0499_MS2 match; FT0500_MS2 match,,group49,NA,,
FT0501,303.05,629.6,Quercetin [M+H]+,[M+H]+ 302.0427,NA,Precursor; FT0501_MS2 match,,group50,NA,,
FT0502,340.1045,635.6,NA,NA,NA,Precursor,,group51,corgroup191,+,
FT0503,179.058,635.5,3-Indoleacetonitrile [M+Na]+,[M+Na]+ 156.0687,NA,FT0508_MS2 match,,group51,corgroup191,+,
FT0504,117.0573,635.7,NA,NA,NA,Precursor; FT0504_MS2 match,,group52,corgroup191,+,
FT0505,130.0651,635.6,NA,NA,FT0507-HCN,Precursor; FT0502_MS2 match; FT0505_MS2 match; FT0508_MS2 match; FT0510_MS2 match; FT0517_MS2 match,,group51,corgroup191,+,
FT0506,254.0839,635.5,NA,[3M+H+K]2+ 156.0687,NA,,,group51,corgroup191,+,
FT0507,157.076,635.6,3-Indoleacetonitrile [M+H]+,[M+H]+ 156.0687,NA,Precursor,,group51,corgroup191,+,
FT0508,332.1183,635.6,NA,NA,NA,Precursor,,group51,corgroup191,+,
FT0509,156.0681,635.7,NA,[M]+ 156.0687,NA,,,group51,corgroup191,+,
FT0510,263.0893,635.8,NA,NA,NA,Precursor,,group51,corgroup234,,
FT0511,155.0603,636,NA,NA,NA,FT0507_MS2 match,,group51,corgroup234,,
FT0512,224.0818,640.2,NA,NA,NA,,,NA,NA,,
FT0513,175.0366,648.3,2-Methoxybenzoic Acid [M+Na]+,[M+Na]+ 152.0473,NA,,,group53,corgroup55,+,
FT0514,299.1101,648,NA,NA,NA,,,NA,corgroup55,,
FT0515,145.1043,671,NA,NA,NA,,,NA,NA,,
FT0516,186.1308,671.3,NA,NA,NA,,,NA,NA,,
FT0517,303.0501,637.3,Quercetin [M+H]+,[M+H]+ 302.0427,NA,Precursor; FT0517_MS2 match,,group51,NA,,
FT0518,197.071,661.7,NA,NA,NA,,,NA,NA,,
FT0519,297.1353,661.8,NA,NA,NA,,,NA,NA,,
FT0520,216.1383,665.2,NA,NA,NA,,,NA,NA,,
FT0521,213.1461,666.5,NA,NA,NA,Precursor; FT0521_MS2 match,,group54,NA,,
FT0522,297.1354,666.8,NA,NA,NA,,,NA,NA,,
FT0523,311.1365,670.1,NA,NA,NA,,,NA,corgroup261,,
FT0524,144.0808,670.1,NA,NA,NA,FT0525_MS2 match,,group55,NA,,
FT0525,289.1546,670.4,NA,NA,NA,Precursor,,group55,corgroup261,+,
FT0526,145.1043,675.5,NA,NA,NA,,,NA,NA,,
FT0527,186.1309,676,NA,NA,NA,,,NA,NA,,
FT0528,264.175,679.1,Nortriptylin [M+H]+,[M+H]+ 263.1674,NA,Precursor; FT0528_MS2 match,,group56,corgroup148,+,
FT0529,264.3455,679.9,NA,NA,NA,,,NA,NA,,
FT0530,202.0777,679.9,NA,NA,NA,FT0528_MS2 match; FT0545_MS2 match; FT0546_MS2 match; FT0559_MS2 match,,group56,corgroup148,+,
FT0531,165.0699,680.1,NA,NA,FT0539-C3H6,Precursor; FT0528_MS2 match; FT0531_MS2 match; FT0546_MS2 match,,group56,corgroup148,+,
FT0532,264.2678,679.9,NA,NA,NA,,,NA,corgroup148,,
FT0533,265.1195,680.1,NA,NA,NA,,,NA,corgroup148,,
FT0534,264.9376,679.7,NA,NA,NA,,,NA,corgroup148,,
FT0535,265.1043,679.9,NA,NA,NA,,,group56,NA,,
FT0536,155.0855,679.8,NA,NA,FT0546-benzene,Precursor; FT0528_MS2 match; FT0536_MS2 match; FT0546_MS2 match,,group56,corgroup148,+,
FT0537,264.5568,680,NA,NA,NA,FT0528_MS2 match,,group56,corgroup148,+,
FT0538,191.0856,679.9,NA,NA,FT0535-C3H6S; FT0546-C3H6,FT0528_MS2 match; FT0546_MS2 match,,group56,corgroup148,+,
FT0539,207.1168,679.9,NA,NA,NA,FT0528_MS2 match,,group56,corgroup148,+,
FT0540,203.0854,679.9,NA,NA,FT0545-CH3,FT0528_MS2 match; FT0545_MS2 match; FT0546_MS2 match; FT0559_MS2 match,,group56,corgroup148,+,
FT0541,264.1326,680,NA,NA,NA,,,NA,corgroup148,,
FT0542,117.0699,679.9,NA,NA,NA,Precursor; FT0528_MS2 match; FT0542_MS2 match; FT0546_MS2 match,,group56,corgroup148,+,
FT0543,105.0699,679.9,NA,NA,NA,Precursor; FT0528_MS2 match; FT0543_MS2 match; FT0546_MS2 match,,group56,corgroup148,+,
FT0544,264.3341,679.9,NA,NA,NA,,,NA,corgroup148,,
FT0545,218.109,680,NA,NA,FT0546-CH3,Precursor; FT0528_MS2 match; FT0545_MS2 match; FT0546_MS2 match,,group56,corgroup148,+,
FT0546,233.1326,680,NA,NA,FT0528-CH3NH2,Precursor; FT0528_MS2 match; FT0546_MS2 match,,group56,corgroup148,+,
FT0547,264.748,680.1,NA,NA,NA,,,NA,corgroup148,,
FT0548,91.0543,680,NA,NA,NA,Precursor; FT0528_MS2 match; FT0542_MS2 match; FT0546_MS2 match; FT0548_MS2 match,,group56,corgroup148,+,
FT0549,264.3954,680,NA,NA,NA,FT0528_MS2 match,,group56,corgroup148,+,
FT0550,264.5768,680,NA,NA,NA,FT0528_MS2 match,,group56,corgroup148,+,
FT0551,189.07,680.1,NA,NA,FT0553-CH3; FT0554-C3H6,FT0528_MS2 match; FT0546_MS2 match,,group56,corgroup148,+,
FT0552,179.0853,680,NA,NA,NA,Precursor; FT0528_MS2 match; FT0546_MS2 match; FT0552_MS2 match; FT0556_MS2 match,,group56,corgroup148,+,
FT0553,204.093,680,NA,NA,NA,FT0528_MS2 match; FT0545_MS2 match; FT0546_MS2 match; FT0559_MS2 match,,group56,corgroup148,+,
FT0554,231.117,680.3,NA,NA,FT0535-H2S,FT0528_MS2 match; FT0546_MS2 match,,group56,corgroup148,+,
FT0555,193.1007,680.1,NA,NA,NA,FT0528_MS2 match,,group56,corgroup148,+,
FT0556,178.0778,680.1,NA,NA,FT0555-CH3,Precursor; FT0528_MS2 match; FT0546_MS2 match; FT0552_MS2 match; FT0556_MS2 match,,group56,corgroup148,+,
FT0557,128.062,680.1,NA,NA,FT0559-phenyl radical,FT0528_MS2 match; FT0536_MS2 match; FT0546_MS2 match; FT0561_MS2 match,,group56,corgroup148,+,
FT0558,115.0542,680.1,NA,NA,FT0555-benzene,FT0528_MS2 match; FT0536_MS2 match; FT0542_MS2 match; FT0546_MS2 match; FT0562_MS2 match,,group56,corgroup148,+,
FT0559,205.101,680.1,NA,NA,FT0528-trimethylamine,Precursor; FT0528_MS2 match; FT0546_MS2 match; FT0559_MS2 match,,group56,corgroup148,+,
FT0560,192.0908,680.1,NA,NA,NA,FT0528_MS2 match; FT0546_MS2 match,,group56,corgroup148,+,
FT0561,129.0698,680.2,NA,NA,FT0539-benzene,Precursor; FT0528_MS2 match; FT0536_MS2 match; FT0546_MS2 match; FT0561_MS2 match,,group56,corgroup148,+,
FT0562,141.0699,680.3,NA,NA,FT0545-phenyl radical,Precursor; FT0528_MS2 match; FT0546_MS2 match; FT0562_MS2 match,,group56,corgroup148,+,
FT0563,232.1331,681.7,NA,NA,NA,,,NA,NA,,
FT0564,207.0554,689.2,NA,NA,FT0565-H2O,,,group57,NA,,
FT0565,225.0659,689.4,NA,NA,NA,,,group57,NA,,
FT0566,247.0479,689.5,NA,NA,NA,,,NA,NA,,
FT0567,262.2377,694.3,NA,NA,NA,,,NA,NA,,
FT0568,221.0808,696.6,NA,NA,NA,,,NA,NA,,
FT0569,313.1986,700.3,NA,NA,NA,Precursor; FT0569_MS2 match,,group58,corgroup168,+,
FT0570,226.1802,700.8,NA,NA,FT0571-H2O,,,group59,NA,,
FT0571,244.1907,700.9,NA,NA,NA,,,group59,NA,,
FT0572,266.1728,700.9,NA,NA,NA,,,NA,NA,,
FT0573,278.1903,702.5,NA,NA,NA,Precursor; FT0573_MS2 match,,group60,NA,,
FT0574,325.0674,703,NA,NA,NA,,,NA,NA,,
FT0575,327.0639,703.1,NA,NA,NA,,,NA,corgroup168,,
FT0576,327.1105,705.9,NA,NA,NA,,,NA,corgroup199,,
FT0577,311.1366,705.9,NA,NA,NA,Precursor; FT0577_MS2 match,,group61,corgroup199,+,
FT0578,289.1546,705.9,NA,NA,NA,,,NA,corgroup199,,
FT0579,360.1494,711.7,NA,NA,NA,Precursor; FT0579_MS2 match,,group62,corgroup99,+,
FT0580,181.0761,713.5,NA,NA,NA,,,NA,NA,,
FT0581,264.1747,712,Nortriptylin [M+H]+,[M+H]+ 263.1674,NA,Precursor; FT0581_MS2 match,,group63,corgroup99,+,
FT0582,263.056,732.7,NA,NA,NA,,,NA,corgroup216,,
FT0583,223.0636,732.8,NA,NA,NA,,,NA,corgroup216,,
FT0584,415.1837,736.8,NA,NA,NA,,,NA,corgroup97,,
FT0585,347.0808,737.1,NA,NA,NA,,,NA,NA,,
FT0586,242.5701,737.4,NA,NA,NA,,,NA,corgroup97,,
FT0587,321.1016,737.2,NA,NA,NA,,,NA,corgroup132,,
FT0588,468.1676,737.2,NA,NA,NA,,,NA,corgroup81,,
FT0589,251.5754,737.3,NA,NA,NA,,,NA,NA,,
FT0590,448.1858,737.3,NA,NA,NA,,,NA,NA,,
FT0591,913.3453,737.2,NA,NA,NA,,,NA,NA,,
FT0592,446.1858,737.3,NA,NA,NA,,,NA,corgroup81,,
FT0593,465.1591,737.3,NA,NA,NA,,,NA,corgroup97,,
FT0594,490.1493,737.3,NA,NA,NA,,,NA,corgroup132,,
FT0595,302.1751,739.5,NA,NA,NA,,,NA,corgroup97,,
FT0596,325.0674,741.2,NA,NA,NA,,,NA,corgroup201,,
FT0597,271.1879,742.2,NA,NA,NA,,,NA,corgroup201,,
FT0598,281.1725,742.9,NA,NA,NA,,,NA,corgroup201,,
FT0599,158.1539,743.5,NA,NA,NA,,,NA,NA,,
FT0602,342.0916,750.5,NA,NA,NA,,,NA,NA,,
FT0603,291.0394,748.7,NA,NA,NA,,,NA,corgroup166,,
FT0605,527.1417,749.4,NA,NA,NA,Precursor; FT0610_MS2 match,,group64,corgroup166,,
FT0606,526.1804,749.7,NA,NA,FT0651-C3H7,Precursor,,group64,NA,,
FT0607,547.255,749.6,NA,NA,NA,Precursor,,group64,corgroup166,,
FT0608,505.1599,749.9,NA,NA,NA,Precursor,,group64,corgroup166,,
FT0609,169.0647,750.1,NA,NA,NA,FT0617_MS2 match; FT0618_MS2 match; FT0619_MS2 match; FT0628_MS2 match; FT0630_MS2 match,,group64,corgroup183,,
FT0610,779.2179,750.1,NA,NA,NA,Precursor,,group64,corgroup140,,
FT0611,480.1694,750.1,NA,NA,NA,,,NA,corgroup167,,
FT0612,715.2495,750.1,NA,NA,NA,Precursor; FT0618_MS2 match,,group64,corgroup167,+,
FT0613,248.1282,750.2,NA,[M+NH4]+ 230.0943,NA,,,group64,corgroup167,+,
FT0614,158.0727,750.2,NA,NA,NA,FT0628_MS2 match; FT0630_MS2 match; FT0634_MS2 match; FT0647_MS2 match,,group64,corgroup167,+,
FT0615,154.0773,750.2,NA,NA,FT0630-CH2OH,FT0618_MS2 match; FT0628_MS2 match; FT0630_MS2 match; FT0636_MS2 match,,group64,corgroup167,+,
FT0616,365.1223,750.2,NA,[3M+H+K]2+ 230.0943,NA,Precursor,,group64,corgroup167,+,
FT0617,515.1152,750.2,NA,NA,NA,Precursor; FT0617_MS2 match; FT0636_MS2 match,,group64,corgroup167,+,
FT0618,945.3443,750.2,NA,NA,NA,Precursor,,group64,corgroup167,+,
FT0619,170.0725,750.2,NA,NA,FT0630-CH3; FT0644-CH3COOH,Precursor; FT0612_MS2 match; FT0616_MS2 match; FT0617_MS2 match; FT0618_MS2 match; FT0619_MS2 match; FT0628_MS2 match; FT0630_MS2 match; FT0634_MS2 match; FT0635_MS2 match; FT0636_MS2 match,,group64,corgroup167,+,
FT0620,115.0542,750.2,NA,NA,FT0621-C3H7O5P,FT0619_MS2 match; FT0628_MS2 match; FT0630_MS2 match,,group64,corgroup167,+,
FT0621,269.0574,750.2,NA,[M+K]+ 230.0943,NA,,,group64,corgroup167,+,
FT0622,275.0656,750.2,NA,NA,NA,Precursor; FT0605_MS2 match; FT0606_MS2 match; FT0608_MS2 match; FT0610_MS2 match; FT0622_MS2 match,,group64,corgroup167,+,
FT0623,959.3317,750.2,NA,NA,NA,Precursor,,group64,corgroup167,+,
FT0624,141.0699,750.3,NA,NA,FT0609-CO; FT0614-OH; FT0628-C3H6O3,FT0619_MS2 match; FT0628_MS2 match; FT0630_MS2 match,,group64,corgroup167,+,
FT0625,153.0697,750.3,NA,NA,FT0619-OH; FT0630-CH3OH,FT0618_MS2 match; FT0628_MS2 match; FT0630_MS2 match,,group64,corgroup167,+,
FT0626,142.0773,750.3,NA,NA,FT0619-CO,FT0619_MS2 match; FT0628_MS2 match; FT0630_MS2 match; FT0634_MS2 match,,group64,corgroup167,+,
FT0627,943.3539,750.3,NA,NA,NA,,,NA,corgroup167,,
FT0628,231.1017,750.3,Naproxen [M+H]+,[M+H]+ 230.0943,FT0613-NH3,Precursor; FT0628_MS2 match; FT0634_MS2 match,,group64,corgroup167,+,
FT0629,965.3479,750.2,NA,NA,NA,,,NA,corgroup166,,
FT0630,185.0962,750.3,NA,[M+H-CH2O2]+ 230.0943,FT0628-HCOOH(H2+CO2 or H2O+CO); FT0644-COOH,Precursor; FT0605_MS2 match; FT0607_MS2 match; FT0612_MS2 match; FT0616_MS2 match; FT0617_MS2 match; FT0618_MS2 match; FT0623_MS2 match; FT0628_MS2 match; FT0630_MS2 match; FT0631_MS2 match; FT0634_MS2 match; FT0635_MS2 match; FT0636_MS2 match; FT0637_MS2 match,,group64,corgroup167,+,
FT0631,483.1778,750.3,NA,[2M+Na]+ 230.0943,NA,Precursor,,group64,corgroup167,+,
FT0632,757.2355,750.3,NA,NA,NA,,,NA,corgroup166,,
FT0633,152.062,750.3,NA,NA,FT0609-OH; FT0619-H2O,FT0628_MS2 match; FT0630_MS2 match,,group64,corgroup167,+,
FT0634,253.0837,750.3,Naproxen [M+Na]+,[M+Na]+ 230.0943,FT0606-γ-GluAlaGly-2H,Precursor; FT0631_MS2 match,,group64,corgroup167,+,
FT0635,713.2594,750.3,NA,NA,NA,Precursor,,group64,corgroup167,+,
FT0636,745.209,750.3,NA,NA,NA,Precursor,,group64,corgroup167,+,
FT0637,729.2374,750.3,NA,NA,NA,Precursor,,group64,corgroup167,+,
FT0638,747.2134,750,NA,NA,NA,,,NA,corgroup183,,
FT0639,155.5413,750.4,NA,NA,NA,,,NA,corgroup166,,
FT0640,499.1428,750.4,NA,NA,NA,FT0617_MS2 match; FT0623_MS2 match; FT0637_MS2 match,,group64,corgroup167,+,
FT0641,735.2543,750.4,NA,NA,NA,,,NA,corgroup167,,
FT0642,974.2959,750.5,NA,NA,NA,,,NA,corgroup167,,
FT0643,155.085,750.5,NA,NA,FT0622-NO2+NO2+CO; FT0630-formaldehyde,FT0618_MS2 match; FT0628_MS2 match; FT0630_MS2 match,,group64,corgroup167,+,
FT0644,230.0938,750.4,NA,[M]+ 230.0943,NA,,,group64,corgroup140,,
FT0645,744.2028,750.6,NA,NA,NA,,,NA,corgroup167,,
FT0646,250.0752,750.7,NA,[2M+H+K]2+ 230.0943,NA,FT0616_MS2 match,,group64,corgroup167,+,
FT0647,164.5465,750.2,NA,NA,NA,Precursor,,group64,NA,,
FT0648,344.1857,751.6,NA,NA,NA,,,NA,NA,,
FT0649,303.1704,752.8,NA,NA,NA,,,NA,corgroup167,,
FT0650,325.1524,753,NA,NA,NA,Precursor; FT0650_MS2 match,,group65,corgroup167,+,
FT0651,569.2368,749.5,NA,NA,NA,,,group64,corgroup183,,
FT0652,328.1907,756,NA,NA,NA,,,NA,NA,,
FT0653,250.1778,758.3,NA,NA,NA,,,NA,corgroup151,,
FT0654,228.1959,758.5,NA,NA,NA,,,NA,corgroup151,,
FT0655,561.2705,761,NA,NA,NA,,,NA,NA,,
FT0656,288.1958,762.4,NA,NA,NA,,,NA,NA,,
FT0657,258.149,764.3,NA,NA,NA,,,NA,NA,,
FT0658,404.1971,768.8,NA,NA,NA,,,NA,NA,,
FT0659,426.1787,768.9,NA,NA,NA,Precursor; FT0659_MS2 match,,group66,NA,,
FT0660,245.0785,773.8,NA,NA,NA,,,NA,NA,,
FT0661,270.2216,777.4,NA,NA,NA,,,NA,NA,,
FT0662,274.2741,777.4,NA,NA,NA,,,NA,NA,,
FT0663,328.1908,780.9,NA,NA,NA,,,NA,NA,,
FT0664,304.1907,785.2,NA,NA,NA,,,NA,corgroup175,,
FT0665,242.154,785.2,NA,NA,NA,,,NA,corgroup175,,
FT0666,290.2691,786.4,NA,NA,NA,,,NA,NA,,
FT0667,161.0961,786.5,NA,NA,NA,,,NA,NA,,
FT0668,575.2863,788.1,NA,NA,NA,,,NA,NA,,
FT0669,266.1515,788.8,NA,NA,NA,,,NA,corgroup143,,
FT0670,244.1697,788.8,NA,NA,NA,,,NA,corgroup143,,
FT0671,312.1959,791.7,NA,NA,NA,,,NA,NA,,
FT0672,172.0757,793.9,NA,NA,NA,,,NA,corgroup186,,
FT0673,260.3228,793.9,NA,NA,NA,,,NA,corgroup3,,
FT0674,260.5636,793.9,NA,NA,NA,,,NA,corgroup186,,
FT0675,260.1646,793.9,NA,NA,NA,,,NA,corgroup193,,
FT0676,282.1465,793.9,NA,NA,FT0682-H2O,,,group67,corgroup193,+,
FT0677,519.3216,794,NA,NA,NA,,,NA,corgroup193,,
FT0678,260.3833,794,NA,NA,NA,,,NA,corgroup186,,
FT0679,260.5437,794,NA,NA,NA,,,NA,corgroup186,,
FT0680,260.1239,793.8,NA,NA,NA,,,NA,corgroup186,,
FT0681,260.334,794,NA,NA,NA,,,NA,corgroup93,,
FT0682,300.1594,794,NA,NA,NA,,,group67,corgroup193,+,
FT0683,182.5284,794.4,NA,NA,NA,,,NA,corgroup165,,
FT0684,159.0679,794.1,NA,NA,NA,,,NA,corgroup186,,
FT0685,186.0914,794,NA,NA,NA,,,NA,corgroup93,,
FT0686,285.0759,794.1,Biochanin A [M+H]+,[M+H]+ 284.0685,NA,Precursor; FT0686_MS2 match; FT0688_MS2 match,,group68,corgroup165,+,
FT0687,162.0551,794,NA,NA,NA,,,NA,corgroup3,,
FT0688,307.0578,794.1,Biochanin A [M+Na]+,[M+Na]+ 284.0685,NA,Precursor; FT0690_MS2 match,,group68,corgroup165,+,
FT0689,593.1022,794.1,NA,NA,NA,FT0690_MS2 match,,group68,corgroup165,+,
FT0690,591.1259,794.2,NA,[2M+Na]+ 284.0685,NA,Precursor,,group68,corgroup165,+,
FT0691,304.0494,794.2,NA,[2M+H+K]2+ 284.0685,NA,,,group68,corgroup165,+,
FT0692,352.9842,807.2,NA,NA,NA,,,NA,corgroup11,,
FT0693,350.987,807.3,NA,NA,NA,,,NA,corgroup86,,
FT0694,348.99,807.3,NA,NA,NA,,,NA,corgroup86,,
FT0695,327.0081,807.4,NA,NA,NA,,,NA,NA,,
FT0696,329.0051,807.5,NA,NA,NA,,,NA,corgroup11,,
FT0697,391.2167,807.8,NA,NA,NA,Precursor; FT0697_MS2 match,,group69,corgroup147,+,
FT0698,172.1696,809.5,NA,NA,NA,,,NA,corgroup147,,
FT0699,314.2115,833.8,NA,NA,NA,,,NA,NA,,
FT0700,376.2594,811.5,NA,NA,NA,Precursor; FT0700_MS2 match,,group70,corgroup66,+,
FT0701,398.2413,811.5,NA,NA,NA,Precursor; FT0701_MS2 match,,group71,corgroup66,+,
FT0702,300.1957,814.3,NA,NA,NA,,,NA,corgroup66,,
FT0703,214.253,817.7,NA,NA,NA,,,NA,corgroup137,,
FT0704,272.1645,817.8,NA,NA,NA,,,NA,corgroup137,,
FT0705,249.1825,818.9,NA,NA,NA,,,NA,NA,,
FT0707,288.2897,822,NA,NA,NA,,,NA,corgroup73,,
FT0708,249.1825,824,NA,NA,NA,,,NA,corgroup73,,
FT0709,209.19,823.8,NA,NA,NA,,,NA,corgroup73,,
FT0710,342.1698,826.3,NA,NA,NA,,,NA,NA,,
FT0711,326.1751,827.4,NA,NA,NA,,,NA,NA,,
FT0713,159.138,833.6,NA,NA,NA,,,NA,NA,,
FT0714,284.1645,833.7,NA,NA,NA,,,NA,NA,,
FT0715,337.2348,834.1,NA,NA,NA,,,NA,NA,,
FT0716,297.2424,834,NA,NA,NA,,,NA,NA,,
FT0717,274.1801,837.6,NA,NA,NA,,,NA,NA,,
FT0718,270.1852,837.7,NA,NA,NA,,,NA,NA,,
FT0719,286.1802,848.4,NA,NA,NA,,,NA,corgroup48,,
FT0720,330.2063,841.2,NA,NA,NA,,,NA,NA,,
FT0721,284.1645,842.7,NA,NA,NA,,,group72,NA,,
FT0722,256.1696,844,NA,NA,FT0721-CO,,,group72,NA,,
FT0723,310.18,845.1,NA,NA,NA,,,NA,NA,,
FT0724,258.1853,845.9,NA,NA,NA,,,NA,corgroup48,,
FT0725,175.1329,846.9,NA,NA,NA,,,group73,corgroup262,+,
FT0726,253.1774,847.1,NA,NA,NA,,,NA,corgroup262,,
FT0727,157.1223,847,NA,NA,FT0725-H2O,,,group73,corgroup262,+,
FT0728,274.1802,847.5,NA,NA,NA,,,NA,NA,,
FT0729,286.1803,857.8,NA,NA,NA,,,NA,corgroup71,,
FT0730,105.0335,859.9,NA,NA,NA,,,NA,NA,,
FT0731,245.1149,860,NA,NA,NA,,,NA,corgroup71,,
FT0732,270.1854,862.2,NA,NA,FT0733-CO+CO,,,group74,corgroup72,+,
FT0733,326.175,863,NA,NA,NA,,,group74,corgroup72,+,
FT0734,316.2271,867.2,NA,NA,NA,,,NA,corgroup84,,
FT0735,286.1806,868.5,NA,NA,NA,,,group75,corgroup180,+,
FT0736,268.1697,869.5,NA,NA,FT0735-H2O,,,group75,NA,,
FT0737,185.0818,869.5,NA,NA,NA,,,group75,corgroup180,+,
FT0738,286.7771,869.8,NA,NA,NA,,,NA,corgroup180,,
FT0739,286.9739,869.7,NA,NA,NA,,,NA,corgroup180,,
FT0740,184.0756,869.7,NA,NA,FT0762-C3H6,,,group75,corgroup180,+,
FT0741,856.526,869.7,NA,NA,NA,,,NA,corgroup180,,
FT0742,240.1384,869.7,NA,NA,NA,,,group75,corgroup180,+,
FT0743,183.0679,869.8,NA,NA,FT0750-CH3; FT0762-C3H7,,,group75,corgroup180,+,
FT0744,286.2768,869.8,NA,NA,NA,,,NA,corgroup180,,
FT0745,286.1342,869.8,NA,NA,NA,,,NA,corgroup180,,
FT0746,286.4099,869.8,NA,NA,NA,,,NA,corgroup180,,
FT0747,593.3348,869.8,NA,NA,NA,,,NA,corgroup180,,
FT0748,571.3533,869.8,NA,NA,NA,,,NA,corgroup180,,
FT0749,286.3574,869.8,NA,NA,NA,,,NA,corgroup84,,
FT0750,198.0914,869.8,NA,NA,FT0742-C3H6,,[1][M]+,group75,corgroup180,+,
FT0751,286.5989,869.8,NA,NA,NA,,,NA,corgroup180,,
FT0752,287.1461,869.8,NA,NA,NA,,,NA,corgroup180,,
FT0753,286.5778,869.8,NA,NA,NA,,,NA,corgroup180,,
FT0754,286.3462,869.8,NA,NA,NA,,,NA,corgroup180,,
FT0755,287.5657,869.8,NA,NA,NA,,,NA,corgroup180,,
FT0756,212.107,869.8,NA,NA,NA,,,NA,corgroup180,,
FT0757,308.1621,869.9,NA,NA,NA,,,NA,corgroup180,,
FT0758,154.0651,869.8,NA,NA,FT0737-CH2OH; FT0740-formaldehyde; FT0759-H2O,,,group75,corgroup180,+,
FT0759,172.0757,869.8,NA,NA,NA,,,group75,corgroup180,+,
FT0760,199.0962,869.6,NA,NA,NA,,[1][M+1]+,group75,corgroup180,+,
FT0761,159.0678,870.2,NA,NA,NA,,,NA,corgroup180,,
FT0762,226.1226,869.9,NA,NA,FT0736-C3H6,,,group75,corgroup180,+,
FT0763,312.1959,873.2,NA,NA,NA,,,NA,NA,,
FT0764,426.2614,886.7,NA,NA,NA,,,NA,NA,,
FT0765,412.1179,875.9,NA,NA,NA,Precursor; FT0765_MS2 match,,group76,NA,,
FT0766,270.1854,877.9,NA,NA,NA,,,NA,corgroup22,,
FT0767,337.0749,880.8,NA,NA,NA,,,NA,corgroup22,,
FT0768,223.0637,880.8,NA,NA,NA,,,NA,corgroup22,,
FT0769,412.1419,882.3,NA,NA,NA,,,NA,corgroup50,,
FT0770,245.1077,882.5,NA,NA,NA,Precursor; FT0770_MS2 match,,group77,corgroup50,+,
FT0771,332.2219,887.7,NA,NA,NA,,,group78,corgroup6,+,
FT0772,300.1959,888.3,NA,NA,FT0771-CH3OH,,,group78,corgroup6,+,
FT0773,270.1854,900.2,NA,NA,FT0774-H2O,,,group79,corgroup190,+,
FT0774,288.1962,898.2,NA,NA,NA,Precursor; FT0774_MS2 match,,group79,corgroup146,+,
FT0775,311.1263,890.2,NA,NA,NA,,,NA,NA,,
FT0776,426.2614,892.7,NA,NA,NA,,,NA,NA,,
FT0777,284.2009,894.8,NA,NA,NA,,,NA,NA,,
FT0779,310.1782,899.1,NA,NA,NA,,,group80,corgroup146,+,
FT0780,288.7937,899.3,NA,NA,NA,,,NA,corgroup146,,
FT0781,288.2928,899.2,NA,NA,NA,,,NA,corgroup146,,
FT0782,597.366,899.1,NA,NA,NA,,,group81,corgroup146,+,
FT0783,288.6159,899.3,NA,NA,NA,,,NA,corgroup146,,
FT0784,288.5946,899.3,NA,NA,NA,,,NA,corgroup146,,
FT0785,561.3451,899.3,NA,NA,FT0787-H2O,,,group81,corgroup190,+,
FT0786,288.4263,899.4,NA,NA,NA,,,NA,corgroup146,,
FT0787,579.3553,899.4,NA,NA,FT0782-H2O,,,group81,corgroup196,+,
FT0788,288.1497,899.3,NA,NA,NA,,,NA,corgroup146,,
FT0789,289.1628,899.4,NA,NA,NA,,,NA,corgroup146,,
FT0790,288.3728,899.4,NA,NA,NA,,,NA,NA,,
FT0791,289.5845,899.5,NA,NA,NA,,,NA,NA,,
FT0792,288.9912,899.3,NA,NA,NA,,,NA,corgroup146,,
FT0793,288.3624,899.5,NA,NA,NA,,,NA,corgroup146,,
FT0794,575.3845,899.6,NA,NA,NA,,,group82,corgroup146,+,
FT0795,292.1671,899.6,NA,NA,FT0779-H2O,,,group80,corgroup190,+,
FT0796,862.5728,899.6,NA,NA,NA,,,group83,corgroup214,+,
FT0797,162.0549,899.5,NA,NA,NA,,,NA,corgroup146,,
FT0798,557.3738,899.7,NA,NA,FT0794-H2O,,,group82,corgroup146,+,
FT0799,844.5625,899.6,NA,NA,FT0796-H2O,,,group83,corgroup146,+,
FT0800,184.0757,899.8,NA,NA,NA,,,NA,corgroup146,,
FT0801,270.4086,899.8,NA,NA,NA,,,NA,corgroup190,,
FT0802,270.3465,899.8,NA,NA,NA,,,NA,corgroup242,,
FT0803,539.3631,899.8,NA,NA,FT0798-H2O,,,group82,corgroup83,,
FT0804,186.0909,899.9,NA,NA,NA,,,group84,corgroup146,+,
FT0805,270.5919,899.9,NA,NA,NA,,,NA,NA,,
FT0806,270.5714,899.9,NA,NA,NA,,,NA,corgroup195,,
FT0807,168.0806,900,NA,NA,FT0804-H2O; FT0809-OH,,,group84,corgroup146,+,
FT0808,270.7649,899.9,NA,NA,NA,,,NA,NA,,
FT0809,185.0828,899.9,NA,NA,NA,,,group84,corgroup83,,
FT0810,270.2793,900,NA,NA,NA,,,NA,corgroup184,,
FT0812,159.0679,900.2,NA,NA,NA,,,NA,corgroup146,,
FT0813,270.1423,900,NA,NA,NA,,,NA,corgroup58,,
FT0814,832.5391,900.5,NA,NA,NA,,,NA,corgroup214,,
FT0815,846.5767,900.2,NA,NA,NA,,,NA,corgroup146,,
FT0816,130.0651,900.3,NA,NA,FT0818-CH2CO,,,group85,corgroup146,+,
FT0817,559.389,900.5,NA,NA,NA,,,group86,corgroup146,+,
FT0818,172.0757,900.6,NA,NA,NA,,,group85,corgroup146,+,
FT0819,541.3786,900.6,NA,NA,FT0817-H2O,,,group86,corgroup190,+,
FT0820,563.3605,901,NA,NA,FT0821-H2O,,,group87,corgroup190,+,
FT0821,581.3703,901,NA,NA,NA,,,group87,corgroup58,+,
FT0822,272.782,901.2,NA,NA,NA,,,NA,corgroup206,,
FT0823,543.3936,901.3,NA,NA,NA,,,NA,corgroup242,,
FT0824,272.201,901.3,NA,NA,NA,,,NA,corgroup190,,
FT0825,272.4244,901.4,NA,NA,NA,,,NA,corgroup83,,
FT0826,272.6088,901.4,NA,NA,NA,,,NA,corgroup83,,
FT0827,272.5886,901.4,NA,NA,NA,,,NA,NA,,
FT0828,272.3633,901.4,NA,NA,NA,,,NA,corgroup184,,
FT0829,139.1119,901.6,NA,NA,FT0833-H2O,,,group88,corgroup206,+,
FT0830,294.1827,901.7,NA,NA,NA,,,NA,corgroup190,,
FT0831,565.3754,901.8,NA,NA,NA,,,NA,corgroup190,,
FT0832,175.1331,901.9,NA,NA,NA,,,group88,corgroup196,+,
FT0833,157.1223,902,NA,NA,FT0832-H2O,,,group88,corgroup195,+,
FT0834,452.2773,902.3,NA,NA,NA,,,group89,corgroup190,+,
FT0836,496.2409,902.5,NA,NA,NA,,,NA,corgroup214,,
FT0837,253.1778,902.5,NA,NA,NA,,,NA,corgroup184,,
FT0838,474.2592,902.5,NA,NA,NA,,,NA,NA,,
FT0840,286.1802,886.9,NA,NA,NA,,,NA,NA,,
FT0841,342.2428,905.9,NA,NA,NA,,,NA,NA,,
FT0842,312.1959,908.1,NA,NA,NA,,,NA,corgroup172,,
FT0843,300.1959,910.6,NA,NA,NA,,,NA,corgroup172,,
FT0844,242.2843,913.4,NA,NA,NA,Precursor; FT0844_MS2 match,,group90,NA,,
FT0845,310.1795,910.4,NA,NA,NA,,,NA,NA,,
FT0846,657.2031,915.7,NA,NA,NA,Precursor; FT0846_MS2 match,,group91,corgroup142,+,
FT0847,326.0969,915.6,NA,[M+H+K]2+ 612.2319,NA,,,group92,NA,,
FT0848,635.2213,915.8,Novobiocin [M+Na]+,[M+Na]+ 612.2319,NA,Precursor; FT0848_MS2 match; FT0851_MS2 match; FT0853_MS2 match; FT0856_MS2 match,,group92,corgroup142,+,
FT0849,218.1024,915.8,NA,NA,NA,FT0852_MS2 match; FT0854_MS2 match,,group92,corgroup142,+,
FT0850,355.6154,915.8,NA,NA,NA,,,NA,NA,,
FT0851,1247.453,915.8,NA,[2M+Na]+ 612.2319,NA,Precursor,,group92,corgroup142,+,
FT0852,1225.4715,915.9,NA,[2M+H]+ 612.2319,NA,Precursor,,group92,corgroup142,+,
FT0853,938.3285,915.9,NA,[3M+H+K]2+ 612.2319,NA,Precursor,[11][M]2+,group92,corgroup42,,
FT0854,613.2394,915.9,Novobiocin [M+H]+,[M+H]+ 612.2319,NA,Precursor; FT0852_MS2 match,,group92,corgroup142,+,
FT0855,641.2173,915.9,NA,NA,NA,,,NA,corgroup142,,
FT0856,938.8304,916,NA,NA,NA,Precursor,[11][M+1]2+,group92,corgroup42,,
FT0857,346.6101,916,NA,NA,NA,,,NA,corgroup142,,
FT0858,189.091,916.1,NA,NA,NA,Precursor; FT0852_MS2 match; FT0854_MS2 match; FT0858_MS2 match,,group92,corgroup142,+,
FT0859,632.213,916.2,NA,[2M+H+K]2+ 612.2319,NA,,,group92,NA,,
FT0860,652.726,915.6,NA,NA,NA,,,NA,NA,,
FT0861,1064.5086,917.8,NA,NA,NA,,,NA,corgroup142,,
FT0862,551.7316,918.1,NA,NA,NA,,,NA,corgroup142,,
FT0863,311.2581,902.4,NA,NA,FT0834-C2H8O4NP,,,group89,NA,,
FT0864,452.2773,919,NA,NA,NA,,,NA,corgroup203,,
FT0865,245.6159,919.3,NA,NA,NA,,,NA,NA,,
FT0866,474.2592,919.3,NA,NA,NA,,,NA,corgroup203,,
FT0867,496.2409,919.5,NA,NA,NA,,,NA,NA,,
FT0868,300.1959,920.8,NA,NA,NA,,,NA,corgroup260,,
FT0869,656.2448,921.3,NA,NA,NA,,,NA,corgroup266,,
FT0870,678.2268,921.8,NA,NA,NA,,,NA,corgroup203,,
FT0871,312.1959,922,NA,NA,NA,,,NA,corgroup260,,
FT0872,570.2333,922.9,NA,NA,NA,,,NA,corgroup266,,
FT0873,358.2376,924.3,NA,NA,NA,,,NA,corgroup43,,
FT0874,289.154,925.8,NA,NA,NA,,,NA,NA,,
FT0875,304.2999,926.2,NA,NA,NA,,,NA,corgroup43,,
FT0876,271.1888,908.3,NA,NA,NA,,,NA,NA,,
FT0877,200.201,930.6,NA,NA,NA,Precursor; FT0877_MS2 match,,group93,NA,,
FT0878,302.2116,942.1,NA,NA,NA,,,NA,NA,,
FT0879,296.2011,934.1,NA,NA,NA,,,NA,corgroup231,,
FT0880,452.2771,933.4,NA,NA,NA,,,NA,NA,,
FT0881,289.154,935.4,NA,NA,NA,,,NA,corgroup231,,
FT0882,314.2118,938,NA,NA,NA,,,NA,corgroup163,,
FT0883,314.161,938.2,NA,NA,NA,,,NA,corgroup163,,
FT0884,627.4158,938.4,NA,NA,NA,,,NA,corgroup163,,
FT0885,232.097,938.2,NA,NA,NA,,,group94,corgroup243,+,
FT0886,649.3975,938.5,NA,NA,NA,,,NA,corgroup243,,
FT0887,314.3127,938.4,NA,NA,NA,,,NA,corgroup76,,
FT0888,314.6282,938.4,NA,NA,NA,,,NA,corgroup163,,
FT0889,314.4523,938.4,NA,NA,NA,,,NA,corgroup163,,
FT0890,314.6499,938.4,NA,NA,NA,,,NA,corgroup163,,
FT0891,336.1934,938.4,NA,NA,NA,,,NA,corgroup163,,
FT0892,314.3856,938.5,NA,NA,NA,,,NA,corgroup163,,
FT0893,314.8366,938.5,NA,NA,NA,,,NA,corgroup39,,
FT0894,314.3974,938.4,NA,NA,NA,,,NA,corgroup163,,
FT0895,315.6449,938.5,NA,NA,NA,,,group95,corgroup56,+,
FT0896,315.0436,938.5,NA,NA,NA,,,NA,corgroup39,,
FT0897,315.4528,938.5,NA,NA,NA,,,group96,corgroup163,+,
FT0898,159.0679,939.2,NA,NA,NA,,,NA,corgroup163,,
FT0899,611.4207,939.5,NA,NA,NA,,,NA,corgroup163,,
FT0900,172.0757,939.5,NA,NA,FT0885-CH3COOH,,,group94,corgroup163,+,
FT0901,633.4023,939.6,NA,NA,NA,,,NA,corgroup163,,
FT0902,216.1019,939.8,NA,NA,NA,,,NA,corgroup163,,
FT0903,298.6225,940.2,NA,NA,NA,,,NA,corgroup56,,
FT0904,298.4502,940.2,NA,NA,FT0897-OH,,,group96,corgroup224,+,
FT0905,298.6432,940.2,NA,NA,FT0895-OH,,,group95,corgroup163,+,
FT0906,320.1984,940.3,NA,NA,NA,,,NA,NA,,
FT0907,298.2167,940.3,NA,NA,NA,,,NA,corgroup35,,
FT0908,617.4076,940.3,NA,NA,NA,,,NA,corgroup76,,
FT0909,595.4257,940.3,NA,NA,NA,,,NA,corgroup35,,
FT0911,483.2718,941.9,NA,NA,NA,,,group97,NA,,
FT0912,311.2581,942.1,NA,NA,FT0911-C3H9O6P,,,group97,corgroup70,+,
FT0913,505.2536,942.1,NA,NA,NA,,,NA,corgroup70,,
FT0914,527.2355,942.2,NA,NA,NA,,,NA,corgroup70,,
FT0915,312.196,942.5,NA,NA,NA,,,NA,corgroup224,,
FT0916,284.2009,949.9,NA,NA,FT0923-H2O,,,group98,NA,,
FT0917,319.2245,949.5,NA,NA,NA,,,NA,corgroup229,,
FT0918,335.1982,949.6,NA,NA,NA,,,NA,NA,,
FT0919,279.2319,949.6,NA,NA,NA,,,NA,NA,,
FT0920,615.4593,949.6,NA,NA,NA,,,NA,corgroup229,,
FT0921,269.2088,951,NA,NA,NA,Precursor; FT0921_MS2 match,,group99,NA,,
FT0922,296.201,951.6,NA,NA,NA,,,NA,corgroup207,,
FT0923,302.2116,951.7,NA,NA,NA,,,group98,corgroup207,+,
FT0924,284.2009,954.8,NA,NA,FT0926-formaldehyde,,,group100,corgroup277,+,
FT0925,286.2165,955.1,NA,NA,FT0926-CO,,,group100,corgroup277,+,
FT0926,314.2116,955.4,NA,NA,NA,,,group100,NA,,
FT0927,298.2165,957.7,NA,NA,NA,,,NA,NA,,
FT0928,354.1801,959.5,NA,NA,NA,,,NA,NA,,
FT0929,651.395,959.5,NA,NA,NA,,,NA,corgroup114,,
FT0930,673.377,959.5,NA,NA,NA,,,NA,corgroup114,,
FT0931,345.1748,959.5,NA,NA,NA,,,NA,NA,,
FT0932,695.3588,959.6,NA,NA,NA,,,NA,NA,,
FT0933,359.2791,959.7,NA,NA,NA,,,NA,NA,,
FT0934,247.227,961,NA,NA,NA,,,NA,corgroup154,,
FT0935,348.2145,961,NA,NA,NA,,,NA,NA,,
FT0936,269.2088,961.1,NA,NA,NA,Precursor; FT0936_MS2 match,,group101,corgroup154,+,
FT0937,326.2114,961.4,NA,NA,NA,,,NA,NA,,
FT0938,313.235,962.4,NA,NA,NA,Precursor; FT0938_MS2 match,,group102,corgroup154,+,
FT0939,505.2535,959.2,NA,NA,NA,,,NA,NA,,
FT0940,357.2612,964.8,NA,NA,NA,,,NA,NA,,
FT0941,296.2009,964.1,NA,NA,NA,,,NA,NA,,
FT0942,298.2166,965.9,NA,NA,NA,,,NA,corgroup53,,
FT0943,270.1853,946.3,NA,NA,NA,,,NA,NA,,
FT0944,314.2116,971,NA,NA,NA,,,NA,corgroup145,,
FT0945,314.4518,971.1,NA,NA,NA,,,NA,NA,,
FT0946,627.4155,971.1,NA,NA,NA,,,NA,corgroup145,,
FT0947,336.1934,971.2,NA,NA,NA,,,NA,corgroup145,,
FT0948,314.6496,971.1,NA,NA,NA,,,NA,corgroup145,,
FT0949,296.201,976.1,NA,NA,NA,,,NA,corgroup245,,
FT0950,498.2567,977.1,NA,NA,NA,,,NA,corgroup38,,
FT0951,454.2931,977.2,NA,NA,NA,,,group103,corgroup38,+,
FT0952,473.2663,977.2,NA,NA,NA,,,NA,NA,,
FT0953,476.275,977.2,NA,NA,NA,,,NA,NA,,
FT0954,929.56,977.2,NA,NA,NA,,,NA,corgroup38,,
FT0955,313.2739,977.3,NA,NA,FT0951-C2H8O4NP,,,group103,corgroup245,+,
FT0956,907.5781,977.3,NA,NA,NA,,,NA,corgroup38,,
FT0957,246.6237,977.3,NA,NA,NA,,,NA,NA,,
FT0959,270.1854,963.5,NA,NA,NA,,,NA,corgroup53,,
FT0960,298.2167,983.6,NA,NA,NA,,,NA,NA,,
FT0961,335.1254,984,NA,NA,NA,Precursor; FT0961_MS2 match,,group104,corgroup253,+,
FT0962,351.0992,984,NA,NA,NA,,,NA,corgroup253,,
FT0963,634.2313,995.6,NA,NA,NA,,,NA,NA,,
FT0964,328.2272,987.4,NA,NA,NA,,,NA,corgroup205,,
FT0965,301.1411,988.5,NA,NA,NA,,,NA,NA,,
FT0966,149.0233,988.7,NA,NA,NA,Precursor; FT0966_MS2 match,,group105,NA,,
FT0967,411.0937,989.1,NA,NA,NA,Precursor; FT0967_MS2 match,,group106,corgroup205,+,
FT0968,412.0944,989.2,NA,NA,NA,FT0967_MS2 match,,group106,corgroup205,+,
FT0969,427.0676,989.3,NA,NA,NA,,,NA,corgroup205,,
FT0970,413.0917,989.1,NA,NA,NA,FT0967_MS2 match,,group106,corgroup107,,
FT0971,312.2324,991.8,NA,NA,NA,,,NA,corgroup107,,
FT0972,321.2401,993.2,NA,NA,NA,,,NA,corgroup2,,
FT0973,302.1445,992.4,NA,NA,NA,,,NA,corgroup2,,
FT0974,149.0233,994.4,NA,NA,NA,Precursor; FT0974_MS2 match,,group107,NA,,
FT0975,310.2166,997.8,NA,NA,NA,,,NA,corgroup111,,
FT0976,498.2567,998.2,NA,NA,NA,,,NA,corgroup121,,
FT0977,951.5424,998.9,NA,NA,NA,,,NA,corgroup108,,
FT0978,476.275,998.6,NA,NA,NA,,,NA,NA,,
FT0979,929.5599,998.7,NA,NA,NA,,,NA,corgroup108,,
FT0980,454.293,998.8,NA,NA,NA,,,group108,corgroup121,+,
FT0981,255.629,998.7,NA,NA,NA,,,NA,NA,,
FT0982,436.2822,998.9,NA,NA,FT0980-H2O,,,group108,corgroup121,+,
FT0983,907.5783,998.9,NA,NA,NA,,,NA,corgroup108,,
FT0984,473.2664,999,NA,NA,NA,,,NA,NA,,
FT0985,246.6237,999,NA,NA,NA,,,NA,NA,,
FT0986,313.2738,999,NA,NA,FT0980-C2H8O4NP,,,group108,corgroup111,,
FT0987,955.5756,999.6,NA,NA,NA,,,NA,NA,,
FT0988,933.5939,999.5,NA,NA,NA,,,NA,corgroup111,,
FT0989,480.3086,999.9,NA,NA,NA,,,group109,corgroup111,+,
FT0990,339.2894,999.9,NA,NA,FT0989-C2H8O4NP,,,group109,corgroup111,+,
FT0991,502.2904,1000.4,NA,NA,NA,,,NA,corgroup121,,
FT0992,340.2273,1000.6,NA,NA,NA,,,NA,corgroup179,,
FT0993,524.2721,1007.6,NA,NA,NA,,,NA,NA,,
FT0994,324.2323,1002.8,NA,NA,NA,,,NA,corgroup271,,
FT0995,631.4469,1003.3,NA,NA,NA,,,NA,corgroup179,,
FT0996,338.2091,1003.4,NA,NA,NA,,,NA,corgroup179,,
FT0997,316.2273,1003.5,NA,NA,NA,,,NA,corgroup179,,
FT0998,316.6669,1003.5,NA,NA,NA,,,NA,NA,,
FT0999,316.4684,1003.4,NA,NA,NA,,,NA,corgroup179,,
FT1000,316.6453,1003.5,NA,NA,NA,,,NA,corgroup271,,
FT1001,316.402,1003.5,NA,NA,NA,,,NA,NA,,
FT1002,159.0679,1003.6,NA,NA,NA,,,NA,NA,,
FT1003,437.1448,1006.2,Phlorizin [M+H]+,[M+H]+ 436.1369,NA,,,group110,corgroup176,+,
FT1004,819.3525,1006.5,NA,NA,NA,,,NA,corgroup176,,
FT1005,421.1705,1006.4,NA,NA,NA,,,NA,corgroup176,,
FT1006,699.3927,1006.5,NA,NA,NA,,,NA,corgroup150,,
FT1007,415.1839,1006.6,NA,NA,NA,,,NA,corgroup119,,
FT1008,401.1902,1006.6,NA,NA,NA,,,NA,NA,,
FT1009,399.1892,1006.6,NA,NA,NA,,,NA,corgroup150,,
FT1010,859.292,1006.6,NA,NA,NA,,,NA,corgroup176,,
FT1011,383.2118,1006.8,NA,NA,NA,,,NA,corgroup150,,
FT1012,405.1937,1006.5,NA,NA,NA,,,NA,NA,,
FT1013,835.3267,1006.5,NA,NA,NA,,,NA,corgroup176,,
FT1014,367.2168,1007.2,NA,NA,NA,,,NA,corgroup37,,
FT1015,320.1984,1008.2,NA,NA,NA,,,NA,corgroup176,,
FT1016,184.0758,1008.2,NA,NA,NA,,,NA,corgroup139,,
FT1017,298.2167,1008.3,NA,NA,NA,,,NA,corgroup176,,
FT1018,619.423,1008.5,NA,NA,NA,,,NA,corgroup67,,
FT1019,597.4411,1008.7,NA,NA,NA,,,NA,corgroup176,,
FT1020,153.1275,1009,NA,NA,FT1026-H2O,,,group111,NA,,
FT1021,300.2323,1009.1,NA,NA,NA,,,NA,corgroup176,,
FT1022,359.2793,1009.1,NA,NA,NA,,,group112,corgroup150,+,
FT1023,292.6591,1009.3,NA,NA,NA,,,NA,NA,,
FT1024,543.2868,1009.1,NA,NA,NA,,,NA,NA,,
FT1025,599.4563,1009.1,NA,NA,NA,,,NA,corgroup176,,
FT1026,171.138,1009.1,NA,NA,FT1031-H2O,,,group111,NA,,
FT1027,524.3106,1009.1,NA,NA,NA,,,NA,NA,,
FT1028,549.301,1009.1,NA,NA,NA,,,NA,corgroup218,,
FT1029,300.467,1009.1,NA,NA,NA,,,NA,corgroup139,,
FT1030,1031.6487,1009.1,NA,NA,NA,,,NA,corgroup218,,
FT1031,189.1486,1009.2,NA,NA,NA,,,group111,NA,,
FT1032,272.1459,1009.2,NA,NA,NA,,,NA,corgroup37,,
FT1033,322.2141,1009.2,NA,NA,NA,,,NA,NA,,
FT1034,527.3193,1009.2,NA,NA,NA,,,NA,corgroup150,,
FT1035,341.2683,1009.3,NA,NA,FT1022-H2O,,,group112,NA,,
FT1036,300.6599,1009.2,NA,NA,NA,,,NA,corgroup67,,
FT1037,522.3634,1009.2,NA,NA,NA,,,NA,corgroup67,,
FT1038,281.1511,1009.2,NA,NA,NA,,,NA,corgroup119,,
FT1039,685.2756,1009.5,NA,NA,NA,,,NA,NA,,
FT1040,324.2322,1014.5,NA,NA,NA,,,NA,NA,,
FT1041,319.2244,1015.7,NA,NA,NA,,,NA,NA,,
FT1042,267.6177,1021.4,NA,NA,NA,,,NA,corgroup28,,
FT1043,502.2906,1021.2,NA,NA,NA,,,NA,corgroup202,,
FT1044,592.2596,1021.3,NA,NA,NA,,,NA,NA,,
FT1045,660.247,1021.7,NA,NA,NA,,,NA,NA,,
FT1046,981.5913,1021.2,NA,NA,NA,,,NA,corgroup125,,
FT1047,499.2821,1021.2,NA,NA,NA,,,NA,corgroup28,,
FT1048,959.6095,1021.2,NA,NA,NA,,,NA,corgroup125,,
FT1049,524.2723,1021.3,NA,NA,NA,,,NA,corgroup202,,
FT1050,480.3087,1021.3,NA,NA,NA,,,group113,corgroup125,+,
FT1051,462.2977,1021.1,NA,NA,FT1050-H2O,,,group113,corgroup28,,
FT1052,259.6315,1021.4,NA,NA,NA,,,NA,NA,,
FT1053,339.2894,1021.4,NA,NA,FT1050-C2H8O4NP,,,group113,corgroup125,+,
FT1054,1003.5729,1021.5,NA,NA,NA,,,NA,corgroup125,,
FT1055,342.2429,1028.7,NA,NA,NA,,,NA,corgroup134,,
FT1056,683.4779,1028.7,NA,NA,NA,,,NA,NA,,
FT1057,364.2247,1028.7,NA,NA,NA,,,NA,corgroup134,,
FT1058,300.2322,1015.9,NA,NA,NA,,,NA,NA,,
FT1059,348.2297,1034.3,NA,NA,NA,,,NA,corgroup4,,
FT1061,324.2324,1034.7,NA,NA,NA,,,NA,corgroup4,,
FT1062,346.2142,1034.9,NA,NA,NA,,,NA,NA,,
FT1063,467.2769,1043.2,NA,NA,FT1071-H2O,,,group114,NA,,
FT1064,679.4262,1042.8,NA,NA,NA,,,NA,NA,,
FT1065,359.1905,1042.8,NA,NA,NA,,,NA,NA,,
FT1066,309.2037,1042.8,NA,NA,NA,,,NA,NA,,
FT1067,701.4085,1042.8,NA,NA,NA,,,NA,NA,,
FT1068,387.3105,1042.9,NA,NA,FT1063-HPO3; FT1071-H3PO4,,,group114,corgroup78,+,
FT1069,529.2513,1042.9,NA,NA,NA,,,NA,corgroup126,,
FT1070,313.2738,1043.1,NA,NA,FT1063-C3H7O5P; FT1071-C3H9O6P,,,group114,corgroup78,+,
FT1071,485.2874,1043.1,NA,NA,NA,,,group114,corgroup78,+,
FT1072,507.2694,1043.1,NA,NA,NA,,,NA,corgroup126,,
FT1073,723.3901,1043.1,NA,NA,NA,,,NA,corgroup126,,
FT1074,298.3469,1047.1,NA,NA,NA,,,NA,NA,,
FT1075,326.248,1034.3,NA,NA,NA,,,NA,corgroup4,,
FT1076,280.1622,1048.1,NA,NA,NA,,,NA,NA,,
FT1077,352.246,1052.5,NA,NA,NA,,,NA,NA,,
FT1078,425.2146,1052.6,NA,NA,NA,Precursor; FT1078_MS2 match,,group115,corgroup54,+,
FT1079,326.3782,1053.4,NA,NA,NA,Precursor; FT1079_MS2 match,,group116,corgroup54,+,
FT1080,342.2428,1061.3,NA,NA,NA,,,NA,NA,,
FT1081,575.3166,1056.9,NA,NA,NA,,,NA,corgroup36,,
FT1082,385.2944,1056.9,NA,NA,NA,Precursor; FT1082_MS2 match,,group117,NA,,
FT1083,553.3349,1057.1,NA,NA,NA,,,NA,corgroup36,,
FT1084,280.1621,1056.4,NA,NA,NA,,,NA,NA,,
FT1085,553.3347,1062.2,NA,NA,NA,,,NA,NA,,
FT1086,352.2463,1065.7,NA,NA,NA,,,NA,NA,,
FT1087,351.2505,1068.4,NA,NA,NA,,,NA,NA,,
FT1088,429.3183,1071.1,NA,NA,NA,,,NA,corgroup57,,
FT1089,342.2428,1070.9,NA,NA,NA,,,NA,corgroup14,,
FT1090,341.2662,1071,NA,NA,NA,Precursor; FT1090_MS2 match,,group118,corgroup57,+,
FT1091,385.2926,1069.5,NA,NA,NA,Precursor; FT1091_MS2 match,,group119,NA,,
FT1092,297.2401,1071.7,NA,NA,NA,,,NA,corgroup57,,
FT1093,135.0804,1073.1,NA,NA,NA,,,NA,corgroup14,,
FT1094,339.2894,1074.9,NA,NA,NA,,,NA,NA,,
FT1095,533.2849,1074.9,NA,NA,NA,,,NA,corgroup161,,
FT1096,555.2667,1075.1,NA,NA,NA,,,NA,corgroup161,,
FT1097,485.2892,1076,NA,NA,NA,,,group120,corgroup160,+,
FT1098,507.2714,1076,NA,NA,NA,Precursor; FT1098_MS2 match; FT1099_MS2 match,,group121,corgroup160,+,
FT1099,991.5543,1076,NA,NA,NA,Precursor,,group121,corgroup160,+,
FT1100,1007.5282,1076,NA,NA,NA,Precursor,,group122,corgroup160,+,
FT1101,523.2456,1076.1,NA,NA,NA,Precursor; FT1100_MS2 match; FT1101_MS2 match,,group122,corgroup160,+,
FT1102,525.2476,1076.2,NA,NA,NA,,,NA,corgroup160,,
FT1103,467.2769,1077.2,NA,NA,FT1097-H2O,,,group120,NA,,
FT1104,529.2512,1076.9,NA,NA,NA,,,NA,corgroup160,,
FT1105,486.1133,1083.1,NA,NA,NA,,,NA,corgroup200,,
FT1106,487.111,1083.1,NA,NA,NA,,,NA,corgroup200,,
FT1107,501.0864,1083.2,NA,NA,NA,,,NA,corgroup200,,
FT1108,485.1126,1083.2,NA,NA,NA,,,NA,corgroup200,,
FT1109,502.0872,1083,NA,NA,NA,,,NA,NA,,
FT1110,727.4238,1085.2,NA,NA,NA,,,NA,corgroup135,,
FT1111,326.2479,1087.1,NA,NA,NA,,,NA,corgroup135,,
FT1112,354.4095,1088.8,NA,NA,NA,,,NA,NA,,
FT1113,368.2585,1090.3,NA,NA,NA,,,NA,NA,,
FT1114,311.2558,1106.9,NA,NA,NA,Precursor; FT1114_MS2 match,,group123,NA,,
FT1115,555.3506,1093.3,NA,NA,NA,,,NA,corgroup236,,
FT1116,577.3323,1093.3,NA,NA,NA,,,NA,corgroup236,,
FT1117,387.3105,1093.3,NA,NA,NA,,,NA,corgroup236,,
FT1118,645.3196,1093.3,NA,NA,NA,,,NA,NA,,
FT1119,713.3068,1093.4,NA,NA,NA,,,NA,NA,,
FT1121,399.3081,1096.2,NA,NA,NA,Precursor; FT1121_MS2 match,,group124,NA,,
FT1122,443.3343,1101.1,NA,NA,NA,Precursor; FT1122_MS2 match,,group125,NA,,
FT1123,293.1699,1105.1,NA,NA,NA,,,NA,corgroup80,,
FT1124,531.3866,1101.9,NA,NA,NA,Precursor; FT1124_MS2 match,,group126,corgroup17,+,
FT1125,575.4127,1102.3,NA,NA,NA,Precursor; FT1125_MS2 match,,group127,corgroup17,+,
FT1126,487.3605,1103.2,NA,NA,NA,Precursor; FT1126_MS2 match,,group128,corgroup17,+,
FT1128,355.2819,1106.1,NA,NA,NA,Precursor; FT1128_MS2 match,,group129,NA,,
FT1129,344.2586,1106.1,NA,NA,NA,,,NA,corgroup80,,
FT1130,285.1724,1115.1,NA,NA,NA,,,NA,corgroup230,,
FT1131,691.2417,1108.6,NA,NA,NA,,,NA,corgroup112,,
FT1132,555.267,1108.7,NA,NA,NA,,,NA,corgroup164,,
FT1133,533.2852,1108.7,NA,NA,NA,,,NA,corgroup164,,
FT1134,623.2541,1108.2,NA,NA,NA,,,NA,corgroup164,,
FT1135,511.3031,1109,NA,NA,NA,,,group130,corgroup112,+,
FT1136,339.2894,1109,NA,NA,FT1135-C3H9O6P; FT1137-C3H7O5P,,,group130,corgroup112,+,
FT1137,493.2925,1109.1,NA,NA,FT1135-H2O,,,group130,NA,,
FT1138,311.2557,1111.3,NA,NA,NA,Precursor; FT1138_MS2 match,,group131,NA,,
FT1139,293.1701,1112.8,NA,NA,NA,,,NA,NA,,
FT1140,326.248,1114.2,NA,NA,NA,,,NA,corgroup230,,
FT1142,328.2637,1115.5,NA,NA,NA,,,NA,corgroup230,,
FT1143,280.1622,1117,NA,NA,NA,,,NA,corgroup230,,
FT1144,255.232,1117.5,NA,NA,NA,,,NA,NA,,
FT1145,299.1958,1117.5,NA,NA,NA,,,NA,NA,,
FT1146,354.3186,1134.6,NA,NA,NA,,,NA,NA,,
FT1147,751.4311,1121.6,NA,NA,NA,,,NA,NA,,
FT1148,729.4396,1121.7,NA,NA,NA,,,NA,corgroup211,,
FT1149,258.1489,1130.8,NA,NA,NA,,,NA,NA,,
FT1150,370.2742,1122.9,NA,NA,NA,,,NA,corgroup211,,
FT1151,695.3916,1128.1,NA,NA,NA,,,NA,NA,,
FT1152,679.4184,1128.1,NA,NA,NA,,,NA,NA,,
FT1153,497.2793,1129.3,NA,NA,NA,,,NA,corgroup189,,
FT1154,352.2635,1131.8,NA,NA,NA,,,NA,corgroup189,,
FT1155,354.2794,1132.9,NA,NA,NA,,,NA,corgroup192,,
FT1156,581.3657,1135.8,NA,NA,NA,,,NA,corgroup192,,
FT1157,501.3762,1142.3,NA,NA,NA,,,NA,NA,,
FT1158,457.3499,1141.3,NA,NA,NA,Precursor; FT1158_MS2 match,,group132,NA,,
FT1159,369.2976,1147.7,NA,NA,NA,Precursor; FT1159_MS2 match,,group133,NA,,
FT1160,353.2662,1141.8,NA,NA,NA,,,NA,NA,,
FT1161,413.3238,1143,NA,NA,NA,Precursor; FT1161_MS2 match,,group134,NA,,
FT1162,280.1622,1147.7,NA,NA,NA,,,NA,NA,,
FT1163,256.2636,1148.6,NA,NA,NA,Precursor; FT1163_MS2 match,,group135,NA,,
FT1164,457.3499,1147.5,NA,NA,NA,Precursor; FT1164_MS2 match,,group136,NA,,
FT1166,369.2976,1152.4,NA,NA,NA,Precursor; FT1166_MS2 match,,group137,NA,,
FT1167,413.3238,1147.6,NA,NA,NA,Precursor; FT1167_MS2 match,,group138,NA,,
FT1168,379.2819,1154.5,NA,NA,NA,,,NA,NA,,
FT1169,304.2612,1161.1,NA,NA,NA,,,NA,corgroup113,,
FT1170,282.2793,1161.3,NA,NA,NA,,,NA,corgroup113,,
FT1171,325.2715,1164.7,NA,NA,NA,Precursor; FT1171_MS2 match,,group139,NA,,
FT1172,576.1059,1163.8,NA,NA,NA,,,NA,corgroup174,,
FT1173,562.1298,1163.7,NA,NA,NA,FT1174_MS2 match,,group140,NA,,
FT1174,559.1314,1163.8,NA,NA,NA,Precursor; FT1174_MS2 match,,group140,corgroup174,+,
FT1175,560.1322,1163.8,NA,NA,NA,FT1174_MS2 match,,group140,corgroup174,+,
FT1176,561.1298,1163.8,NA,NA,NA,FT1174_MS2 match,,group140,corgroup174,+,
FT1177,575.1052,1163.9,NA,NA,NA,,,NA,corgroup174,,
FT1179,369.2976,1168,NA,NA,NA,Precursor; FT1179_MS2 match,,group141,NA,,
FT1180,583.3815,1170.7,NA,NA,NA,,,NA,NA,,
FT1181,354.3186,1180.8,NA,NA,NA,,,NA,NA,,
FT1182,282.2792,1176.3,NA,NA,NA,,,NA,NA,,
FT1183,427.3393,1185.3,NA,NA,NA,,,NA,NA,,
FT1184,239.237,1186.7,NA,NA,FT1188-H2O,,,group142,NA,,
FT1185,301.2114,1186.6,NA,NA,NA,,,NA,NA,,
FT1186,369.1986,1186.9,NA,NA,NA,,,NA,NA,,
FT1187,354.3187,1197.4,NA,NA,NA,,,NA,NA,,
FT1188,257.2476,1186.8,NA,NA,NA,,,group142,corgroup106,+,
FT1189,282.1464,1188,NA,NA,NA,,,NA,corgroup106,,
FT1190,437.1862,1187,NA,NA,NA,,,NA,NA,,
FT1191,310.1776,1189.5,NA,NA,NA,,,NA,corgroup106,,
FT1192,293.1699,1191.5,NA,NA,NA,,,NA,NA,,
FT1193,310.1777,1194.9,NA,NA,NA,,,NA,NA,,
FT1194,282.1464,1196.1,NA,NA,NA,,,NA,corgroup133,,
FT1195,265.2526,1196.2,NA,NA,FT1197-H2O,,,group143,corgroup252,+,
FT1196,631.4644,1196.2,NA,NA,NA,,,NA,NA,,
FT1197,283.2632,1196.2,NA,NA,NA,,,group143,corgroup252,+,
FT1198,327.2271,1196.2,NA,NA,NA,,,NA,NA,,
FT1199,609.4826,1196.2,NA,NA,NA,,,NA,corgroup252,,
FT1200,289.1993,1196.3,NA,NA,NA,,,NA,corgroup133,,
FT1201,395.2144,1196.6,NA,NA,NA,,,NA,NA,,
FT1202,463.2017,1196.7,NA,NA,NA,,,NA,NA,,
FT1203,258.1488,1194.9,NA,NA,NA,,,NA,NA,,
